[
  {
    "Hash": "50420568187EE2E5",
    "Name": "ProgramsCacheInvalidationConsumer",
    "Namespace": "Appulate.MessageQueue.Consumers",
    "Assembly": "Appulate.Business",
    "Events": [
      {
        "Hash": "D8E180BE60BF7E47",
        "Name": "IProgramCacheInvalidationRequest",
        "Namespace": "Appulate.MessageQueue.Contracts.Programs",
        "Assembly": "Appulate.Business",
        "Callers": []
      },
      {
        "Hash": "ECFF5F76811E2B89",
        "Name": "ProgramCacheInvalidationRequest",
        "Namespace": "Appulate.MessageQueue.Contracts.Programs",
        "Assembly": "Appulate.Business",
        "Callers": [
          {
            "Hash": "D9F02D42D139EFF3",
            "Name": "PublishAsync",
            "Namespace": "Appulate.Cache",
            "Assembly": "Appulate.Business",
            "ContainingType": "MarketSettingsInvalidationNotifier",
            "CallerMethodName": "PublishAsync_D9F02D42D139EFF3"
          }
        ]
      }
    ]
  },
  {
    "Hash": "28BBA55CE8CCB8A7",
    "Name": "ServiceNotificationConsumer",
    "Namespace": "Appulate.MessageQueue.Consumers",
    "Assembly": "Appulate.Business",
    "Events": [
      {
        "Hash": "9C27E370E9FF4C99",
        "Name": "IServiceNotificationResponse",
        "Namespace": "Appulate.MessageQueue.Contracts.ServiceNotification",
        "Assembly": "Appulate.Business",
        "Callers": []
      },
      {
        "Hash": "F3D65D61CCBD5A9F",
        "Name": "ServiceNotificationResponse",
        "Namespace": "Appulate.MessageQueue.Contracts.ServiceNotification",
        "Assembly": "Appulate.Business",
        "Callers": [
          {
            "Hash": "7A363819A0D25F0E",
            "Name": "OnStopImplAsync",
            "Namespace": "Appulate.Service",
            "Assembly": "Appulate.Service",
            "ContainingType": "AppulateService",
            "CallerMethodName": "OnStopImplAsync_7A363819A0D25F0E"
          },
          {
            "Hash": "FB9C5D155530A557",
            "Name": "Create",
            "Namespace": "Appulate.Service.Creators",
            "Assembly": "Appulate.Service",
            "ContainingType": "ServiceNotificationResponseCreator",
            "CallerMethodName": "Create_FB9C5D155530A557"
          }
        ]
      }
    ]
  },
  {
    "Hash": "7B3032524EEF62CE",
    "Name": "ServiceJobControlConsumer",
    "Namespace": "Appulate.MessageQueue.Consumers",
    "Assembly": "Appulate.Business",
    "Events": [
      {
        "Hash": "36430015ADA3131C",
        "Name": "IJobControlRequest",
        "Namespace": "Appulate.MessageQueue.Contracts.Job",
        "Assembly": "Appulate.Business",
        "Callers": []
      },
      {
        "Hash": "867B6332F76615FA",
        "Name": "JobControlRequest",
        "Namespace": "Appulate.MessageQueue.Contracts.Job",
        "Assembly": "Appulate.Business",
        "Callers": [
          {
            "Hash": "0BE4C1C4DBAA7D8B",
            "Name": "UpdateJobStatusAsync",
            "Namespace": "Appulate.MessageQueue.Clients",
            "Assembly": "Appulate.Business",
            "ContainingType": "AppulateServiceMonitoringClient",
            "CallerMethodName": "UpdateJobStatusAsync_0BE4C1C4DBAA7D8B"
          }
        ]
      }
    ]
  },
  {
    "Hash": "A7D82DB4200E2891",
    "Name": "ServiceStatusConsumer",
    "Namespace": "Appulate.MessageQueue.Consumers",
    "Assembly": "Appulate.Business",
    "Events": [
      {
        "Hash": "8751AE134702BEC5",
        "Name": "IServiceNotificationRequest",
        "Namespace": "Appulate.MessageQueue.Contracts.ServiceNotification",
        "Assembly": "Appulate.Business",
        "Callers": []
      },
      {
        "Hash": "5C21EADCCAC6F881",
        "Name": "ServiceNotificationRequest",
        "Namespace": "Appulate.MessageQueue.Contracts.ServiceNotification",
        "Assembly": "Appulate.Business",
        "Callers": [
          {
            "Hash": "1A06F7BF356B525A",
            "Name": "PingAsync",
            "Namespace": "Appulate.MessageQueue.Clients",
            "Assembly": "Appulate.Business",
            "ContainingType": "AppulateServiceMonitoringClient",
            "CallerMethodName": "PingAsync_1A06F7BF356B525A"
          }
        ]
      }
    ]
  },
  {
    "Hash": "6C14B13E1A8689ED",
    "Name": "CacheResetRequiredIntegrationEventComsumer",
    "Namespace": "Appulate.MessageQueue.Consumers",
    "Assembly": "Appulate.Business",
    "Events": [
      {
        "Hash": "87472F54894C474B",
        "Name": "CacheResetRequiredIntegrationEvent",
        "Namespace": "Appulate.Common.IntegrationEvents.Cache",
        "Assembly": "Appulate.Common",
        "Callers": [
          {
            "Hash": "3537BDF1E788EA1C",
            "Name": "Handle",
            "Namespace": "Appulate.Forms.Application.Commands",
            "Assembly": "Appulate.Forms",
            "ContainingType": "DeleteFormBindingCommandHandler",
            "CallerMethodName": "Handle_3537BDF1E788EA1C"
          },
          {
            "Hash": "7BAD3ED52B1F173E",
            "Name": "Handle",
            "Namespace": "Appulate.Forms.Application.Commands",
            "Assembly": "Appulate.Forms",
            "ContainingType": "UpdateFormBindingCommandHandler",
            "CallerMethodName": "Handle_7BAD3ED52B1F173E"
          },
          {
            "Hash": "FDB40B10A2FE5367",
            "Name": "Handle",
            "Namespace": "Appulate.Forms.Application.Commands",
            "Assembly": "Appulate.Forms",
            "ContainingType": "CreateFormBindingCommandHandler",
            "CallerMethodName": "Handle_FDB40B10A2FE5367"
          },
          {
            "Hash": "BE1C278E08A08F2E",
            "Name": "SendCacheResetMessage",
            "Namespace": "Appulate.WebUI.Admin.ApiControllers.SiteSystem",
            "Assembly": "Appulate.WebUI.Admin",
            "ContainingType": "SystemStatusController",
            "CallerMethodName": "SendCacheResetMessage_BE1C278E08A08F2E"
          },
          {
            "Hash": "FE82203BB122156B",
            "Name": "Handle",
            "Namespace": "Appulate.WebUI.Admin.DomainEventHandlers.Forms",
            "Assembly": "Appulate.WebUI.Admin",
            "ContainingType": "CreateFormsCacheInvalidationEventOnFormCreationHandler",
            "CallerMethodName": "Handle_FE82203BB122156B"
          },
          {
            "Hash": "A31928ADAFDA4EE1",
            "Name": "SynchronizeAsync",
            "Namespace": "Appulate.WebUI.Admin.ApiControllers.Uplink",
            "Assembly": "Appulate.WebUI.Admin",
            "ContainingType": "TemplatesController",
            "CallerMethodName": "SynchronizeAsync_A31928ADAFDA4EE1"
          },
          {
            "Hash": "030C07EDC9AB097F",
            "Name": "Handle",
            "Namespace": "Appulate.WebUI.Admin.DomainEventHandlers.Forms",
            "Assembly": "Appulate.WebUI.Admin",
            "ContainingType": "CreateFormsCacheInvalidationEventOnFormRemovalHandler",
            "CallerMethodName": "Handle_030C07EDC9AB097F"
          },
          {
            "Hash": "164080DEE401BFB5",
            "Name": "Handle",
            "Namespace": "Appulate.WebUI.Admin.DomainEventHandlers.Forms",
            "Assembly": "Appulate.WebUI.Admin",
            "ContainingType": "CreateFormsCacheInvalidationEventOnFormUpdateHandler",
            "CallerMethodName": "Handle_164080DEE401BFB5"
          },
          {
            "Hash": "0D08D561D20AE05E",
            "Name": "Handle",
            "Namespace": "Appulate.WebUI.Admin.DomainEventHandlers.UplinkDocument",
            "Assembly": "Appulate.WebUI.Admin",
            "ContainingType": "CreateUplinkTemplatesCacheInvalidationOnUplinkDocumentDeletingHandler",
            "CallerMethodName": "Handle_0D08D561D20AE05E"
          }
        ]
      }
    ]
  },
  {
    "Hash": "561E7FA38BC48EBD",
    "Name": "DownloadPolicyDocumentsOnPolicyBoundConsumer",
    "Namespace": "Appulate.Quotes.Consumers",
    "Assembly": "Appulate.Quotes",
    "Events": [
      {
        "Hash": "B8FED5B9EEC1B27D",
        "Name": "PolicyBoundIntegrationEvent",
        "Namespace": "Appulate.Common.IntegrationEvents.WebUI",
        "Assembly": "Appulate.Common",
        "Callers": [
          {
            "Hash": "24CE83AB01BFFBD0",
            "Name": "Handle",
            "Namespace": "Appulate.SubmissionTracker.DomainEvents",
            "Assembly": "Appulate.Business",
            "ContainingType": "PolicyBindingDomainEventHandler",
            "CallerMethodName": "Handle_24CE83AB01BFFBD0"
          }
        ]
      }
    ]
  },
  {
    "Hash": "5195181C10E7E75B",
    "Name": "RemovePolicyDocumentDownloadTaskOnPolicyUnboundConsumer",
    "Namespace": "Appulate.Quotes.Consumers",
    "Assembly": "Appulate.Quotes",
    "Events": [
      {
        "Hash": "9601EE78F990B17A",
        "Name": "PolicyUnboundIntegrationEvent",
        "Namespace": "Appulate.Common.IntegrationEvents.WebUI",
        "Assembly": "Appulate.Common",
        "Callers": [
          {
            "Hash": "B5384773C756E3A0",
            "Name": "Handle",
            "Namespace": "Appulate.SubmissionTracker.DomainEvents",
            "Assembly": "Appulate.Business",
            "ContainingType": "PolicyUnbindingDomainEventHandler",
            "CallerMethodName": "Handle_B5384773C756E3A0"
          }
        ]
      }
    ]
  },
  {
    "Hash": "CC9B05338603A5C6",
    "Name": "PolicyBoundIntegrationEventConsumer",
    "Namespace": "Appulate.MarketsFormEditor.Application.Consumers",
    "Assembly": "Appulate.MarketsFormEditor",
    "Events": [
      {
        "Hash": "B8FED5B9EEC1B27D",
        "Name": "PolicyBoundIntegrationEvent",
        "Namespace": "Appulate.Common.IntegrationEvents.WebUI",
        "Assembly": "Appulate.Common",
        "Callers": [
          {
            "Hash": "24CE83AB01BFFBD0",
            "Name": "Handle",
            "Namespace": "Appulate.SubmissionTracker.DomainEvents",
            "Assembly": "Appulate.Business",
            "ContainingType": "PolicyBindingDomainEventHandler",
            "CallerMethodName": "Handle_24CE83AB01BFFBD0"
          }
        ]
      }
    ]
  },
  {
    "Hash": "FF9B00EB43373B2C",
    "Name": "NewQuoteCreatedIntegrationEventConsumer",
    "Namespace": "Appulate.MarketsFormEditor.Application.Consumers",
    "Assembly": "Appulate.MarketsFormEditor",
    "Events": [
      {
        "Hash": "5CFF461FFDC7A49F",
        "Name": "NewQuoteCreatedIntegrationEvent",
        "Namespace": "Appulate.Common.IntegrationEvents.WebUI",
        "Assembly": "Appulate.Common",
        "Callers": [
          {
            "Hash": "BEA3FED00E3FA5FC",
            "Name": "Handle",
            "Namespace": "Appulate.Quotes",
            "Assembly": "Appulate.Quotes",
            "ContainingType": "NewQuoteCreatingDomainEventHandler",
            "CallerMethodName": "Handle_BEA3FED00E3FA5FC"
          }
        ]
      }
    ]
  },
  {
    "Hash": "0CE41E1AD94D3E5C",
    "Name": "QuoteRequotedIntegrationEventConsumer",
    "Namespace": "Appulate.MarketsFormEditor.Application.Consumers",
    "Assembly": "Appulate.MarketsFormEditor",
    "Events": [
      {
        "Hash": "C79F897011AFE788",
        "Name": "QuoteRequotedIntegrationEvent",
        "Namespace": "Appulate.Common.IntegrationEvents.WebUI",
        "Assembly": "Appulate.Common",
        "Callers": [
          {
            "Hash": "8F4C0689ABFEC7A4",
            "Name": "Handle",
            "Namespace": "Appulate.Quotes",
            "Assembly": "Appulate.Quotes",
            "ContainingType": "BindingRequoteDomainEventHandler",
            "CallerMethodName": "Handle_8F4C0689ABFEC7A4"
          }
        ]
      }
    ]
  },
  {
    "Hash": "69B2B8A8EC08CBAD",
    "Name": "QuoteDeletedIntegrationEventConsumer",
    "Namespace": "Appulate.MarketsFormEditor.Application.Consumers",
    "Assembly": "Appulate.MarketsFormEditor",
    "Events": [
      {
        "Hash": "31755B0BF1CEFD88",
        "Name": "QuoteDeletedIntegrationEvent",
        "Namespace": "Appulate.Common.IntegrationEvents.WebUI",
        "Assembly": "Appulate.Common",
        "Callers": [
          {
            "Hash": "23320110A5155DA7",
            "Name": "Handle",
            "Namespace": "Appulate.Quotes",
            "Assembly": "Appulate.Quotes",
            "ContainingType": "QuoteDeletingDomainEventHandler",
            "CallerMethodName": "Handle_23320110A5155DA7"
          }
        ]
      }
    ]
  },
  {
    "Hash": "90434F3963BEABDA",
    "Name": "UserDeletedIntegrationEventConsumer",
    "Namespace": "Appulate.Modules.Chat.Infrastructure.IntegrationEventsConsumers",
    "Assembly": "Appulate.Chat",
    "Events": [
      {
        "Hash": "DF2D04D9F9B84DBC",
        "Name": "UserDeletedIntegrationEvent",
        "Namespace": "Appulate.Common.IntegrationEvents.Chat",
        "Assembly": "Appulate.Common",
        "Callers": []
      }
    ]
  },
  {
    "Hash": "4ADDE93BB291D04A",
    "Name": "PostscriptConvertConsumer",
    "Namespace": "Appulate.Service.Consumers",
    "Assembly": "Appulate.Service",
    "Events": [
      {
        "Hash": "AD515D336C6019BA",
        "Name": "IPostscriptConvertRequest",
        "Namespace": "Appulate.MessageQueue.Contracts.PostscriptConvert",
        "Assembly": "Appulate.Business",
        "Callers": []
      },
      {
        "Hash": "4129346A0D90BF90",
        "Name": "PostscriptConvertRequest",
        "Namespace": "Appulate.MessageQueue.Contracts.PostscriptConvert",
        "Assembly": "Appulate.Business",
        "Callers": [
          {
            "Hash": "4CC2D9B7EF528A8B",
            "Name": "RequestAsync",
            "Namespace": "Appulate.MessageQueue.Clients",
            "Assembly": "Appulate.Business",
            "ContainingType": "PostscriptConvertClient",
            "CallerMethodName": "RequestAsync_4CC2D9B7EF528A8B"
          }
        ]
      }
    ]
  },
  {
    "Hash": "C66C4428A7BD04EE",
    "Name": "ClearCompanyCacheRequestIntegrationEventConsumer",
    "Namespace": "Appulate.Service.Consumers.Caching",
    "Assembly": "Appulate.Service",
    "Events": [
      {
        "Hash": "5B89CE3786E841A8",
        "Name": "ClearCompanyCacheRequestIntegrationEvent",
        "Namespace": "Appulate.Infrastructure.Caching.WebIntegration.Company",
        "Assembly": "Appulate.Infrastructure.Caching.WebIntegration",
        "Callers": [
          {
            "Hash": "8DE1D0BC29A7CAC0",
            "Name": "SendNotificationIfPossible",
            "Namespace": "Appulate.Infrastructure.Caching.WebIntegration.Company",
            "Assembly": "Appulate.Infrastructure.Caching.WebIntegration",
            "ContainingType": "CompanyInvalidationNotifier",
            "CallerMethodName": "SendNotificationIfPossible_8DE1D0BC29A7CAC0"
          },
          {
            "Hash": "B56780448C74E4B2",
            "Name": "SendNotificationIfPossible",
            "Namespace": "Appulate.Infrastructure.Caching.WebIntegration.Location",
            "Assembly": "Appulate.Infrastructure.Caching.WebIntegration",
            "ContainingType": "LocationInvalidationNotifier",
            "CallerMethodName": "SendNotificationIfPossible_B56780448C74E4B2"
          }
        ]
      }
    ]
  },
  {
    "Hash": "7602E15F5626BD9F",
    "Name": "ClearUserCacheRequestIntegrationEventConsumer",
    "Namespace": "Appulate.Service.Consumers.Caching",
    "Assembly": "Appulate.Service",
    "Events": [
      {
        "Hash": "2B45BB77B71EAC0A",
        "Name": "ClearUserCacheRequestIntegrationEvent",
        "Namespace": "Appulate.Infrastructure.Caching.WebIntegration.User",
        "Assembly": "Appulate.Infrastructure.Caching.WebIntegration",
        "Callers": [
          {
            "Hash": "8DE1D0BC29A7CAC0",
            "Name": "SendNotificationIfPossible",
            "Namespace": "Appulate.Infrastructure.Caching.WebIntegration.Company",
            "Assembly": "Appulate.Infrastructure.Caching.WebIntegration",
            "ContainingType": "CompanyInvalidationNotifier",
            "CallerMethodName": "SendNotificationIfPossible_8DE1D0BC29A7CAC0"
          },
          {
            "Hash": "B56780448C74E4B2",
            "Name": "SendNotificationIfPossible",
            "Namespace": "Appulate.Infrastructure.Caching.WebIntegration.Location",
            "Assembly": "Appulate.Infrastructure.Caching.WebIntegration",
            "ContainingType": "LocationInvalidationNotifier",
            "CallerMethodName": "SendNotificationIfPossible_B56780448C74E4B2"
          },
          {
            "Hash": "8B0814B0C364F0BA",
            "Name": "SendNotificationIfPossible",
            "Namespace": "Appulate.Infrastructure.Caching.WebIntegration.User",
            "Assembly": "Appulate.Infrastructure.Caching.WebIntegration",
            "ContainingType": "UserInvalidationNotifier",
            "CallerMethodName": "SendNotificationIfPossible_8B0814B0C364F0BA"
          }
        ]
      }
    ]
  },
  {
    "Hash": "A852C7F04CCA1653",
    "Name": "OcrConsumer",
    "Namespace": "Appulate.Service.Consumers",
    "Assembly": "Appulate.Service",
    "Events": [
      {
        "Hash": "07585A4D0EA70402",
        "Name": "IOcrRequest",
        "Namespace": "Appulate.MessageQueue.Contracts.Ocr",
        "Assembly": "Appulate.Business",
        "Callers": []
      },
      {
        "Hash": "1BFB29EE9FFE7B8D",
        "Name": "OcrRequest",
        "Namespace": "Appulate.MessageQueue.Contracts.Ocr",
        "Assembly": "Appulate.Business",
        "Callers": [
          {
            "Hash": "F10D2E642E9C50CF",
            "Name": "RequestAsync",
            "Namespace": "Appulate.MessageQueue.Clients",
            "Assembly": "Appulate.Business",
            "ContainingType": "OcrClient",
            "CallerMethodName": "RequestAsync_F10D2E642E9C50CF"
          }
        ]
      }
    ]
  },
  {
    "Hash": "52BD00860C628F11",
    "Name": "PdfRenderConsumer",
    "Namespace": "Appulate.Service.Consumers",
    "Assembly": "Appulate.Service",
    "Events": [
      {
        "Hash": "E44A9BC4F2D1CBC3",
        "Name": "IPdfRenderRequest",
        "Namespace": "Appulate.MessageQueue.Contracts.PdfRender",
        "Assembly": "Appulate.Business",
        "Callers": []
      },
      {
        "Hash": "23B5720ECCEFEB9C",
        "Name": "PdfRenderRequest",
        "Namespace": "Appulate.MessageQueue.Contracts.PdfRender",
        "Assembly": "Appulate.Business",
        "Callers": [
          {
            "Hash": "43F0F7A178B33E95",
            "Name": "GetImagePagesAsync",
            "Namespace": "Appulate.Shared.Image.ImageProviders",
            "Assembly": "Appulate.Business",
            "ContainingType": "PdfImageProvider",
            "CallerMethodName": "GetImagePagesAsync_43F0F7A178B33E95"
          }
        ]
      }
    ]
  },
  {
    "Hash": "4461819C37CC683B",
    "Name": "HtmlConvertConsumer",
    "Namespace": "Appulate.Service.Consumers",
    "Assembly": "Appulate.Service",
    "Events": [
      {
        "Hash": "909200B91D346DB0",
        "Name": "IHtmlConvertRequest",
        "Namespace": "Appulate.MessageQueue.Contracts.HtmlConvert",
        "Assembly": "Appulate.Business",
        "Callers": []
      },
      {
        "Hash": "93E68BCDF472DE76",
        "Name": "HtmlConvertRequest",
        "Namespace": "Appulate.MessageQueue.Contracts.HtmlConvert",
        "Assembly": "Appulate.Business",
        "Callers": [
          {
            "Hash": "D79D50F574BC301B",
            "Name": "PrepareRequestAsync",
            "Namespace": "Appulate.MessageQueue.Clients",
            "Assembly": "Appulate.Business",
            "ContainingType": "HtmlConvertClient",
            "CallerMethodName": "PrepareRequestAsync_D79D50F574BC301B"
          }
        ]
      }
    ]
  },
  {
    "Hash": "0A930E91D80234D7",
    "Name": "DriverLogAnalysisConsumer",
    "Namespace": "Appulate.Service.Consumers",
    "Assembly": "Appulate.Service",
    "Events": [
      {
        "Hash": "6239AD0CC9F85906",
        "Name": "DriverLogAnalysisCommand",
        "Namespace": "Appulate.Uplink.Supplemental.UplinkIssues",
        "Assembly": "Appulate.Uplink",
        "Callers": [
          {
            "Hash": "400FDE1CA5AC5C8C",
            "Name": "ExecuteImpl",
            "Namespace": "Appulate.Service.Jobs",
            "Assembly": "Appulate.Service",
            "ContainingType": "DriverLogAnalysisJob",
            "CallerMethodName": "ExecuteImpl_400FDE1CA5AC5C8C"
          }
        ]
      }
    ]
  },
  {
    "Hash": "B5B9BFB65889A565",
    "Name": "VisiblePolicyByCompanyInsuredInsuranceTypeConsumer",
    "Namespace": "Appulate.Service.Consumers",
    "Assembly": "Appulate.Service",
    "Events": [
      {
        "Hash": "FA63E9EB5B2371B9",
        "Name": "Batch",
        "Namespace": "MassTransit",
        "Assembly": "MassTransit",
        "Callers": []
      },
      {
        "Hash": "CA143D01BBBE6623",
        "Name": "VisiblePolicyByCompanyInsuredInsuranceTypeEvent",
        "Namespace": "Appulate.Common.IntegrationEvents",
        "Assembly": "Appulate.Common",
        "Callers": [
          {
            "Hash": "5737D25B164114B1",
            "Name": "Handle",
            "Namespace": "Appulate.Infrastructure.Persistence.EF.DbIntegrationEventHandlers",
            "Assembly": "Appulate.Infrastructure.Persistence.EF",
            "ContainingType": "VisiblePolicyByCompanyIdsUpdateRequestHandler",
            "CallerMethodName": "Handle_5737D25B164114B1"
          }
        ]
      }
    ]
  },
  {
    "Hash": "9344A375A138D0B6",
    "Name": "PdfDocumentPreviewConsumer",
    "Namespace": "Appulate.Service.Consumers.DocumentPreview",
    "Assembly": "Appulate.Service",
    "Events": [
      {
        "Hash": "19488B79CD6E82AE",
        "Name": "PdfDocumentPreviewRequest",
        "Namespace": "Appulate.MessageQueue.Contracts.DocumentPreview",
        "Assembly": "Appulate.Business",
        "Callers": [
          {
            "Hash": "696541073C50DEFB",
            "Name": "RenderAsync",
            "Namespace": "Appulate.MessageQueue.Clients",
            "Assembly": "Appulate.Business",
            "ContainingType": "DocumentPreviewClient",
            "CallerMethodName": "RenderAsync_696541073C50DEFB"
          }
        ]
      }
    ]
  },
  {
    "Hash": "0B579D7267492F61",
    "Name": "PolicyActivityOccuredConsumer",
    "Namespace": "Appulate.ActivityLog.Application.LogPolicyActivity.Consumers",
    "Assembly": "Appulate.ActivityLog.Application",
    "Events": [
      {
        "Hash": "FE028A96B6716188",
        "Name": "PolicyActivityOccured",
        "Namespace": "Appulate.ActivityLog.Messages",
        "Assembly": "Appulate.ActivityLog.Messages",
        "Callers": [
          {
            "Hash": "0AFB5116DDA05035",
            "Name": "LogPolicyActivityAsync",
            "Namespace": "Appulate.ActivityLog",
            "Assembly": "Appulate.Business",
            "ContainingType": "ActivityLogService",
            "CallerMethodName": "LogPolicyActivityAsync_0AFB5116DDA05035"
          }
        ]
      }
    ]
  },
  {
    "Hash": "E1E24658543AF6A3",
    "Name": "InsuredActivityOccuredConsumer",
    "Namespace": "Appulate.ActivityLog.Application.LogInsuredActivity.Consumers",
    "Assembly": "Appulate.ActivityLog.Application",
    "Events": [
      {
        "Hash": "72293A5F56BAE116",
        "Name": "InsuredActivityOccured",
        "Namespace": "Appulate.ActivityLog.Messages",
        "Assembly": "Appulate.ActivityLog.Messages",
        "Callers": [
          {
            "Hash": "6D1FB414CF977554",
            "Name": "LogInsuredActivityAsync",
            "Namespace": "Appulate.ActivityLog",
            "Assembly": "Appulate.Business",
            "ContainingType": "ActivityLogService",
            "CallerMethodName": "LogInsuredActivityAsync_6D1FB414CF977554"
          }
        ]
      }
    ]
  },
  {
    "Hash": "2BFB8BC9309557FD",
    "Name": "PolicySubmissionActivityOccuredConsumer",
    "Namespace": "Appulate.ActivityLog.Application.LogPolicySubmissionActivity.Consumers",
    "Assembly": "Appulate.ActivityLog.Application",
    "Events": [
      {
        "Hash": "F351E87792088A7F",
        "Name": "PolicySubmissionActivityOccured",
        "Namespace": "Appulate.ActivityLog.Messages",
        "Assembly": "Appulate.ActivityLog.Messages",
        "Callers": [
          {
            "Hash": "1749ACA8DD6C1606",
            "Name": "LogPolicySubmissionActivityAsync",
            "Namespace": "Appulate.ActivityLog",
            "Assembly": "Appulate.Business",
            "ContainingType": "ActivityLogService",
            "CallerMethodName": "LogPolicySubmissionActivityAsync_1749ACA8DD6C1606"
          }
        ]
      }
    ]
  },
  {
    "Hash": "55887415D57DA31C",
    "Name": "MiscActivityOccuredConsumer",
    "Namespace": "Appulate.ActivityLog.Application.LogMiscActivity.Consumers",
    "Assembly": "Appulate.ActivityLog.Application",
    "Events": [
      {
        "Hash": "3535C81E2B79C58A",
        "Name": "MiscActivityOccured",
        "Namespace": "Appulate.ActivityLog.Messages",
        "Assembly": "Appulate.ActivityLog.Messages",
        "Callers": [
          {
            "Hash": "B303C90BABB4841D",
            "Name": "LogMiscActivityAsync",
            "Namespace": "Appulate.ActivityLog",
            "Assembly": "Appulate.Business",
            "ContainingType": "ActivityLogService",
            "CallerMethodName": "LogMiscActivityAsync_B303C90BABB4841D"
          }
        ]
      }
    ]
  },
  {
    "Hash": "08B498C3D3AB94F0",
    "Name": "DocumentActivityOccuredConsumer",
    "Namespace": "Appulate.ActivityLog.Application.LogDocumentActivity.Consumers",
    "Assembly": "Appulate.ActivityLog.Application",
    "Events": [
      {
        "Hash": "1BD43C9E36CAB054",
        "Name": "DocumentActivityOccured",
        "Namespace": "Appulate.ActivityLog.Messages",
        "Assembly": "Appulate.ActivityLog.Messages",
        "Callers": [
          {
            "Hash": "57F9CCCB54A97EE2",
            "Name": "LogDocumentActivityAsync",
            "Namespace": "Appulate.ActivityLog",
            "Assembly": "Appulate.Business",
            "ContainingType": "ActivityLogService",
            "CallerMethodName": "LogDocumentActivityAsync_57F9CCCB54A97EE2"
          }
        ]
      }
    ]
  },
  {
    "Hash": "09563208FE04AAEA",
    "Name": "ClearUserCacheRequestIntegrationEventConsumer",
    "Namespace": "Appulate.WebUI.Application.Caching",
    "Assembly": "Appulate.WebUI.Application",
    "Events": [
      {
        "Hash": "2B45BB77B71EAC0A",
        "Name": "ClearUserCacheRequestIntegrationEvent",
        "Namespace": "Appulate.Infrastructure.Caching.WebIntegration.User",
        "Assembly": "Appulate.Infrastructure.Caching.WebIntegration",
        "Callers": [
          {
            "Hash": "8B0814B0C364F0BA",
            "Name": "SendNotificationIfPossible",
            "Namespace": "Appulate.Infrastructure.Caching.WebIntegration.User",
            "Assembly": "Appulate.Infrastructure.Caching.WebIntegration",
            "ContainingType": "UserInvalidationNotifier",
            "CallerMethodName": "SendNotificationIfPossible_8B0814B0C364F0BA"
          },
          {
            "Hash": "8DE1D0BC29A7CAC0",
            "Name": "SendNotificationIfPossible",
            "Namespace": "Appulate.Infrastructure.Caching.WebIntegration.Company",
            "Assembly": "Appulate.Infrastructure.Caching.WebIntegration",
            "ContainingType": "CompanyInvalidationNotifier",
            "CallerMethodName": "SendNotificationIfPossible_8DE1D0BC29A7CAC0"
          },
          {
            "Hash": "B56780448C74E4B2",
            "Name": "SendNotificationIfPossible",
            "Namespace": "Appulate.Infrastructure.Caching.WebIntegration.Location",
            "Assembly": "Appulate.Infrastructure.Caching.WebIntegration",
            "ContainingType": "LocationInvalidationNotifier",
            "CallerMethodName": "SendNotificationIfPossible_B56780448C74E4B2"
          }
        ]
      }
    ]
  },
  {
    "Hash": "CA47022BB990D620",
    "Name": "ClearCompanyCacheRequestIntegrationEventConsumer",
    "Namespace": "Appulate.WebUI.Application.Caching",
    "Assembly": "Appulate.WebUI.Application",
    "Events": [
      {
        "Hash": "5B89CE3786E841A8",
        "Name": "ClearCompanyCacheRequestIntegrationEvent",
        "Namespace": "Appulate.Infrastructure.Caching.WebIntegration.Company",
        "Assembly": "Appulate.Infrastructure.Caching.WebIntegration",
        "Callers": [
          {
            "Hash": "B56780448C74E4B2",
            "Name": "SendNotificationIfPossible",
            "Namespace": "Appulate.Infrastructure.Caching.WebIntegration.Location",
            "Assembly": "Appulate.Infrastructure.Caching.WebIntegration",
            "ContainingType": "LocationInvalidationNotifier",
            "CallerMethodName": "SendNotificationIfPossible_B56780448C74E4B2"
          },
          {
            "Hash": "8DE1D0BC29A7CAC0",
            "Name": "SendNotificationIfPossible",
            "Namespace": "Appulate.Infrastructure.Caching.WebIntegration.Company",
            "Assembly": "Appulate.Infrastructure.Caching.WebIntegration",
            "ContainingType": "CompanyInvalidationNotifier",
            "CallerMethodName": "SendNotificationIfPossible_8DE1D0BC29A7CAC0"
          }
        ]
      }
    ]
  },
  {
    "Hash": "62E41FEA9C55786D",
    "Name": "AnalyzerLogConsumer",
    "Namespace": "Appulate.WebUI.Consumers",
    "Assembly": "Appulate.WebUI",
    "Events": [
      {
        "Hash": "DD02FEB05F954599",
        "Name": "AnalyzerLogRequest",
        "Namespace": "Appulate.MessageQueue.Contracts.AnalyzerLog",
        "Assembly": "Appulate.Business",
        "Callers": [
          {
            "Hash": "456AF24FCA421E87",
            "Name": "GetAnalyzerLog",
            "Namespace": "Appulate.WebUI.Admin.ApiControllers.SiteSystem",
            "Assembly": "Appulate.WebUI.Admin",
            "ContainingType": "SystemStatusController",
            "CallerMethodName": "GetAnalyzerLog_456AF24FCA421E87"
          }
        ]
      }
    ]
  },
  {
    "Hash": "6E901FB942C44093",
    "Name": "InvalidateApplicationCacheOnPolicyBoundConsumer",
    "Namespace": "Appulate.WebUI.Consumers",
    "Assembly": "Appulate.WebUI",
    "Events": [
      {
        "Hash": "B8FED5B9EEC1B27D",
        "Name": "PolicyBoundIntegrationEvent",
        "Namespace": "Appulate.Common.IntegrationEvents.WebUI",
        "Assembly": "Appulate.Common",
        "Callers": [
          {
            "Hash": "24CE83AB01BFFBD0",
            "Name": "Handle",
            "Namespace": "Appulate.SubmissionTracker.DomainEvents",
            "Assembly": "Appulate.Business",
            "ContainingType": "PolicyBindingDomainEventHandler",
            "CallerMethodName": "Handle_24CE83AB01BFFBD0"
          }
        ]
      }
    ]
  },
  {
    "Hash": "CCE0A95C226DF811",
    "Name": "InvalidateApplicationCacheOnPolicyUnboundConsumer",
    "Namespace": "Appulate.WebUI.Consumers",
    "Assembly": "Appulate.WebUI",
    "Events": [
      {
        "Hash": "9601EE78F990B17A",
        "Name": "PolicyUnboundIntegrationEvent",
        "Namespace": "Appulate.Common.IntegrationEvents.WebUI",
        "Assembly": "Appulate.Common",
        "Callers": [
          {
            "Hash": "B5384773C756E3A0",
            "Name": "Handle",
            "Namespace": "Appulate.SubmissionTracker.DomainEvents",
            "Assembly": "Appulate.Business",
            "ContainingType": "PolicyUnbindingDomainEventHandler",
            "CallerMethodName": "Handle_B5384773C756E3A0"
          }
        ]
      }
    ]
  },
  {
    "Hash": "E2578273FA7FD424",
    "Name": "DocumentUploadedConsumer",
    "Namespace": "Appulate.WebUI.ActivityLog.Consumers",
    "Assembly": "Appulate.WebUI",
    "Events": [
      {
        "Hash": "5B4B85F5F41E644B",
        "Name": "DocumentUploaded",
        "Namespace": "Appulate.IntegrationEvents.Documents",
        "Assembly": "Appulate.IntegrationEvents",
        "Callers": [
          {
            "Hash": "FD37F3AA4C04C71E",
            "Name": "LogActivityEventIfNeeded",
            "Namespace": "Appulate.BusinessEventLog.EventLoggers",
            "Assembly": "Appulate.Business",
            "ContainingType": "ActivityLoggingEventLogger",
            "CallerMethodName": "LogActivityEventIfNeeded_FD37F3AA4C04C71E"
          }
        ]
      }
    ]
  },
  {
    "Hash": "F5B98E2C41419864",
    "Name": "PolicyCreatedConsumer",
    "Namespace": "Appulate.WebUI.ActivityLog.Consumers",
    "Assembly": "Appulate.WebUI",
    "Events": [
      {
        "Hash": "A44D30ECC6C0C0C4",
        "Name": "PolicyCreated",
        "Namespace": "Appulate.IntegrationEvents.Policy",
        "Assembly": "Appulate.IntegrationEvents",
        "Callers": [
          {
            "Hash": "FD37F3AA4C04C71E",
            "Name": "LogActivityEventIfNeeded",
            "Namespace": "Appulate.BusinessEventLog.EventLoggers",
            "Assembly": "Appulate.Business",
            "ContainingType": "ActivityLoggingEventLogger",
            "CallerMethodName": "LogActivityEventIfNeeded_FD37F3AA4C04C71E"
          }
        ]
      }
    ]
  },
  {
    "Hash": "4C2CD1A2A7D2D69F",
    "Name": "UserLoggedInConsumer",
    "Namespace": "Appulate.WebUI.ActivityLog.Consumers",
    "Assembly": "Appulate.WebUI",
    "Events": [
      {
        "Hash": "061DD747B263778D",
        "Name": "UserLoggedIn",
        "Namespace": "Appulate.IntegrationEvents.Accounting",
        "Assembly": "Appulate.IntegrationEvents",
        "Callers": [
          {
            "Hash": "FD37F3AA4C04C71E",
            "Name": "LogActivityEventIfNeeded",
            "Namespace": "Appulate.BusinessEventLog.EventLoggers",
            "Assembly": "Appulate.Business",
            "ContainingType": "ActivityLoggingEventLogger",
            "CallerMethodName": "LogActivityEventIfNeeded_FD37F3AA4C04C71E"
          }
        ]
      }
    ]
  },
  {
    "Hash": "A5F84FCA10C1993E",
    "Name": "CoverallSubmissionConsumer",
    "Namespace": "Appulate.WebUI.Consumers",
    "Assembly": "Appulate.WebUI",
    "Events": [
      {
        "Hash": "FA8D459C52D1BB73",
        "Name": "CoverallSubmissionRequest",
        "Namespace": "Appulate.MessageQueue.Contracts.CoverallSubmission",
        "Assembly": "Appulate.Business",
        "Callers": [
          {
            "Hash": "6AC7050F49A43B87",
            "Name": "SendInternal",
            "Namespace": "Appulate.SubmissionTracker.SubmissionPackageSender.SenderWrappers",
            "Assembly": "Appulate.Business",
            "ContainingType": "CoverallPackageSenderWrapper",
            "CallerMethodName": "SendInternal_6AC7050F49A43B87"
          }
        ]
      }
    ]
  },
  {
    "Hash": "9EEBB13FF5A4A65B",
    "Name": "InsuredContactAddedConsumer",
    "Namespace": "Appulate.WebUI.ActivityLog.Consumers",
    "Assembly": "Appulate.WebUI",
    "Events": [
      {
        "Hash": "A1710D87B5097A28",
        "Name": "InsuredContactAdded",
        "Namespace": "Appulate.IntegrationEvents.InsuredContacts",
        "Assembly": "Appulate.IntegrationEvents",
        "Callers": [
          {
            "Hash": "FD37F3AA4C04C71E",
            "Name": "LogActivityEventIfNeeded",
            "Namespace": "Appulate.BusinessEventLog.EventLoggers",
            "Assembly": "Appulate.Business",
            "ContainingType": "ActivityLoggingEventLogger",
            "CallerMethodName": "LogActivityEventIfNeeded_FD37F3AA4C04C71E"
          }
        ]
      }
    ]
  },
  {
    "Hash": "C66866ABDAC2DF68",
    "Name": "QuoteSubmittedConsumer",
    "Namespace": "Appulate.WebUI.ActivityLog.Consumers",
    "Assembly": "Appulate.WebUI",
    "Events": [
      {
        "Hash": "C6F93A03C15A6AC3",
        "Name": "QuoteSubmitted",
        "Namespace": "Appulate.IntegrationEvents.PolicySubmissions",
        "Assembly": "Appulate.IntegrationEvents",
        "Callers": [
          {
            "Hash": "FD37F3AA4C04C71E",
            "Name": "LogActivityEventIfNeeded",
            "Namespace": "Appulate.BusinessEventLog.EventLoggers",
            "Assembly": "Appulate.Business",
            "ContainingType": "ActivityLoggingEventLogger",
            "CallerMethodName": "LogActivityEventIfNeeded_FD37F3AA4C04C71E"
          }
        ]
      }
    ]
  },
  {
    "Hash": "DAF19010834AB0F7",
    "Name": "ClearCompanyCacheRequestIntegrationEventConsumer",
    "Namespace": "Appulate.WebUI.Admin.Caching",
    "Assembly": "Appulate.WebUI.Admin",
    "Events": [
      {
        "Hash": "5B89CE3786E841A8",
        "Name": "ClearCompanyCacheRequestIntegrationEvent",
        "Namespace": "Appulate.Infrastructure.Caching.WebIntegration.Company",
        "Assembly": "Appulate.Infrastructure.Caching.WebIntegration",
        "Callers": [
          {
            "Hash": "8DE1D0BC29A7CAC0",
            "Name": "SendNotificationIfPossible",
            "Namespace": "Appulate.Infrastructure.Caching.WebIntegration.Company",
            "Assembly": "Appulate.Infrastructure.Caching.WebIntegration",
            "ContainingType": "CompanyInvalidationNotifier",
            "CallerMethodName": "SendNotificationIfPossible_8DE1D0BC29A7CAC0"
          },
          {
            "Hash": "B56780448C74E4B2",
            "Name": "SendNotificationIfPossible",
            "Namespace": "Appulate.Infrastructure.Caching.WebIntegration.Location",
            "Assembly": "Appulate.Infrastructure.Caching.WebIntegration",
            "ContainingType": "LocationInvalidationNotifier",
            "CallerMethodName": "SendNotificationIfPossible_B56780448C74E4B2"
          }
        ]
      }
    ]
  },
  {
    "Hash": "AE1FEDC6B5FFBCD1",
    "Name": "ClearUserCacheRequestIntegrationEventConsumer",
    "Namespace": "Appulate.WebUI.Admin.Caching",
    "Assembly": "Appulate.WebUI.Admin",
    "Events": [
      {
        "Hash": "2B45BB77B71EAC0A",
        "Name": "ClearUserCacheRequestIntegrationEvent",
        "Namespace": "Appulate.Infrastructure.Caching.WebIntegration.User",
        "Assembly": "Appulate.Infrastructure.Caching.WebIntegration",
        "Callers": [
          {
            "Hash": "B56780448C74E4B2",
            "Name": "SendNotificationIfPossible",
            "Namespace": "Appulate.Infrastructure.Caching.WebIntegration.Location",
            "Assembly": "Appulate.Infrastructure.Caching.WebIntegration",
            "ContainingType": "LocationInvalidationNotifier",
            "CallerMethodName": "SendNotificationIfPossible_B56780448C74E4B2"
          },
          {
            "Hash": "8DE1D0BC29A7CAC0",
            "Name": "SendNotificationIfPossible",
            "Namespace": "Appulate.Infrastructure.Caching.WebIntegration.Company",
            "Assembly": "Appulate.Infrastructure.Caching.WebIntegration",
            "ContainingType": "CompanyInvalidationNotifier",
            "CallerMethodName": "SendNotificationIfPossible_8DE1D0BC29A7CAC0"
          },
          {
            "Hash": "8B0814B0C364F0BA",
            "Name": "SendNotificationIfPossible",
            "Namespace": "Appulate.Infrastructure.Caching.WebIntegration.User",
            "Assembly": "Appulate.Infrastructure.Caching.WebIntegration",
            "ContainingType": "UserInvalidationNotifier",
            "CallerMethodName": "SendNotificationIfPossible_8B0814B0C364F0BA"
          }
        ]
      }
    ]
  }
]