[
  {
    "Hash": "99E7F71A395098BF",
    "Name": "NewQuoteCreatingIntegrationEventConsumer",
    "Namespace": "Appulate.BusinessServices.Documents.Consumers",
    "Assembly": "Appulate.Business",
    "Events": [
      {
        "Hash": "9BEF7A7B17DC2A29",
        "Name": "NewQuoteCreatingIntegrationEvent",
        "Namespace": "Appulate.Common.IntegrationEvents.WebUI",
        "Assembly": "Appulate.Common",
        "Callers": [
          {
            "Hash": "3433D773D43BDFF1",
            "Name": "Handle",
            "Namespace": "Appulate.Quotes.DomainHandlers",
            "Assembly": "Appulate.Quotes",
            "ContainingType": "NewQuoteCreatingDomainEventHandler",
            "CallerMethodName": "Handle_3433D773D43BDFF1"
          }
        ]
      }
    ]
  },
  {
    "Hash": "0BFD208C17F38F2D",
    "Name": "NexsurePolicyRemovedConsumer",
    "Namespace": "Appulate.ExternalAms.Integrations.Nexsure.Consumers",
    "Assembly": "Appulate.ExternalAms.Integrations.Nexsure",
    "Events": [
      {
        "Hash": "627FD9FAE4960BAA",
        "Name": "NexsurePolicyRemovedIntegrationEvent",
        "Namespace": "Appulate.ExternalAms.Integrations.Nexsure.IntegrationEvents",
        "Assembly": "Appulate.ExternalAms.Integrations.Nexsure",
        "Callers": [
          {
            "Hash": "CF6D3DD52B1D7F19",
            "Name": "Handle",
            "Namespace": "Appulate.ExternalAms.Integrations.Nexsure.Domain.EventHandler",
            "Assembly": "Appulate.ExternalAms.Integrations.Nexsure",
            "ContainingType": "NexsurePolicyRemovingEventHandler",
            "CallerMethodName": "Handle_CF6D3DD52B1D7F19"
          }
        ]
      }
    ]
  },
  {
    "Hash": "91D3E553DE1358A0",
    "Name": "NexsureInsuredRemovedConsumer",
    "Namespace": "Appulate.ExternalAms.Integrations.Nexsure.Consumers",
    "Assembly": "Appulate.ExternalAms.Integrations.Nexsure",
    "Events": [
      {
        "Hash": "AFE30E392C985DB9",
        "Name": "NexsureInsuredRemovedIntegrationEvent",
        "Namespace": "Appulate.ExternalAms.Integrations.Nexsure.IntegrationEvents",
        "Assembly": "Appulate.ExternalAms.Integrations.Nexsure",
        "Callers": [
          {
            "Hash": "6893730BFD5AA5FD",
            "Name": "Handle",
            "Namespace": "Appulate.ExternalAms.Integrations.Nexsure.Domain.EventHandler",
            "Assembly": "Appulate.ExternalAms.Integrations.Nexsure",
            "ContainingType": "NexsureInsuredRemovingEventHandler",
            "CallerMethodName": "Handle_6893730BFD5AA5FD"
          }
        ]
      }
    ]
  },
  {
    "Hash": "5195181C10E7E75B",
    "Name": "RemovePolicyDocumentDownloadTaskOnPolicyUnboundConsumer",
    "Namespace": "Appulate.Quotes.Consumers",
    "Assembly": "Appulate.Quotes",
    "Events": [
      {
        "Hash": "9601EE78F990B17A",
        "Name": "PolicyUnboundIntegrationEvent",
        "Namespace": "Appulate.Common.IntegrationEvents.WebUI",
        "Assembly": "Appulate.Common",
        "Callers": [
          {
            "Hash": "B5384773C756E3A0",
            "Name": "Handle",
            "Namespace": "Appulate.SubmissionTracker.DomainEvents",
            "Assembly": "Appulate.Business",
            "ContainingType": "PolicyUnbindingDomainEventHandler",
            "CallerMethodName": "Handle_B5384773C756E3A0"
          }
        ]
      }
    ]
  },
  {
    "Hash": "561E7FA38BC48EBD",
    "Name": "DownloadPolicyDocumentsOnPolicyBoundConsumer",
    "Namespace": "Appulate.Quotes.Consumers",
    "Assembly": "Appulate.Quotes",
    "Events": [
      {
        "Hash": "B8FED5B9EEC1B27D",
        "Name": "PolicyBoundIntegrationEvent",
        "Namespace": "Appulate.Common.IntegrationEvents.WebUI",
        "Assembly": "Appulate.Common",
        "Callers": [
          {
            "Hash": "24CE83AB01BFFBD0",
            "Name": "Handle",
            "Namespace": "Appulate.SubmissionTracker.DomainEvents",
            "Assembly": "Appulate.Business",
            "ContainingType": "PolicyBindingDomainEventHandler",
            "CallerMethodName": "Handle_24CE83AB01BFFBD0"
          }
        ]
      }
    ]
  },
  {
    "Hash": "9909D39A38E69CC6",
    "Name": "ResetUplinkTemplatesCacheConsumer",
    "Namespace": "Appulate.Uplink.Application",
    "Assembly": "Appulate.Uplink",
    "Events": [
      {
        "Hash": "51BE8C4AC4F4B19A",
        "Name": "ResetUplinkTemplatesCacheRequest",
        "Namespace": "Appulate.Uplink.Command",
        "Assembly": "Appulate.Uplink",
        "Callers": [
          {
            "Hash": "6F0FF44492FC6E7D",
            "Name": "ResetUplinkTemplates",
            "Namespace": "Appulate.WebUI.Admin.ApiControllers.SiteSystem",
            "Assembly": "Appulate.WebUI.Admin",
            "ContainingType": "SystemStatusController",
            "CallerMethodName": "ResetUplinkTemplates_6F0FF44492FC6E7D"
          },
          {
            "Hash": "A31928ADAFDA4EE1",
            "Name": "SynchronizeAsync",
            "Namespace": "Appulate.WebUI.Admin.ApiControllers.Uplink",
            "Assembly": "Appulate.WebUI.Admin",
            "ContainingType": "TemplatesController",
            "CallerMethodName": "SynchronizeAsync_A31928ADAFDA4EE1"
          }
        ]
      },
      {
        "Hash": "486A52E0E659FB2E",
        "Name": "UplinkDocumentDeleted",
        "Namespace": "Appulate.Uplink",
        "Assembly": "Appulate.Uplink",
        "Callers": [
          {
            "Hash": "0D08D561D20AE05E",
            "Name": "Handle",
            "Namespace": "Appulate.WebUI.Admin.DomainEventHandlers.UplinkDocument",
            "Assembly": "Appulate.WebUI.Admin",
            "ContainingType": "CreateUplinkTemplatesCacheInvalidationOnUplinkDocumentDeletingHandler",
            "CallerMethodName": "Handle_0D08D561D20AE05E"
          }
        ]
      }
    ]
  },
  {
    "Hash": "2BFB8BC9309557FD",
    "Name": "PolicySubmissionActivityOccuredConsumer",
    "Namespace": "Appulate.ActivityLog.Application.LogPolicySubmissionActivity.Consumers",
    "Assembly": "Appulate.ActivityLog.Application",
    "Events": [
      {
        "Hash": "F351E87792088A7F",
        "Name": "PolicySubmissionActivityOccured",
        "Namespace": "Appulate.ActivityLog.Messages",
        "Assembly": "Appulate.ActivityLog.Messages",
        "Callers": [
          {
            "Hash": "1749ACA8DD6C1606",
            "Name": "LogPolicySubmissionActivityAsync",
            "Namespace": "Appulate.ActivityLog",
            "Assembly": "Appulate.Business",
            "ContainingType": "ActivityLogService",
            "CallerMethodName": "LogPolicySubmissionActivityAsync_1749ACA8DD6C1606"
          }
        ]
      }
    ]
  },
  {
    "Hash": "E1E24658543AF6A3",
    "Name": "InsuredActivityOccuredConsumer",
    "Namespace": "Appulate.ActivityLog.Application.LogInsuredActivity.Consumers",
    "Assembly": "Appulate.ActivityLog.Application",
    "Events": [
      {
        "Hash": "72293A5F56BAE116",
        "Name": "InsuredActivityOccured",
        "Namespace": "Appulate.ActivityLog.Messages",
        "Assembly": "Appulate.ActivityLog.Messages",
        "Callers": [
          {
            "Hash": "6D1FB414CF977554",
            "Name": "LogInsuredActivityAsync",
            "Namespace": "Appulate.ActivityLog",
            "Assembly": "Appulate.Business",
            "ContainingType": "ActivityLogService",
            "CallerMethodName": "LogInsuredActivityAsync_6D1FB414CF977554"
          }
        ]
      }
    ]
  },
  {
    "Hash": "08B498C3D3AB94F0",
    "Name": "DocumentActivityOccuredConsumer",
    "Namespace": "Appulate.ActivityLog.Application.LogDocumentActivity.Consumers",
    "Assembly": "Appulate.ActivityLog.Application",
    "Events": [
      {
        "Hash": "1BD43C9E36CAB054",
        "Name": "DocumentActivityOccured",
        "Namespace": "Appulate.ActivityLog.Messages",
        "Assembly": "Appulate.ActivityLog.Messages",
        "Callers": [
          {
            "Hash": "57F9CCCB54A97EE2",
            "Name": "LogDocumentActivityAsync",
            "Namespace": "Appulate.ActivityLog",
            "Assembly": "Appulate.Business",
            "ContainingType": "ActivityLogService",
            "CallerMethodName": "LogDocumentActivityAsync_57F9CCCB54A97EE2"
          }
        ]
      }
    ]
  },
  {
    "Hash": "0B579D7267492F61",
    "Name": "PolicyActivityOccuredConsumer",
    "Namespace": "Appulate.ActivityLog.Application.LogPolicyActivity.Consumers",
    "Assembly": "Appulate.ActivityLog.Application",
    "Events": [
      {
        "Hash": "FE028A96B6716188",
        "Name": "PolicyActivityOccured",
        "Namespace": "Appulate.ActivityLog.Messages",
        "Assembly": "Appulate.ActivityLog.Messages",
        "Callers": [
          {
            "Hash": "0AFB5116DDA05035",
            "Name": "LogPolicyActivityAsync",
            "Namespace": "Appulate.ActivityLog",
            "Assembly": "Appulate.Business",
            "ContainingType": "ActivityLogService",
            "CallerMethodName": "LogPolicyActivityAsync_0AFB5116DDA05035"
          }
        ]
      }
    ]
  },
  {
    "Hash": "55887415D57DA31C",
    "Name": "MiscActivityOccuredConsumer",
    "Namespace": "Appulate.ActivityLog.Application.LogMiscActivity.Consumers",
    "Assembly": "Appulate.ActivityLog.Application",
    "Events": [
      {
        "Hash": "3535C81E2B79C58A",
        "Name": "MiscActivityOccured",
        "Namespace": "Appulate.ActivityLog.Messages",
        "Assembly": "Appulate.ActivityLog.Messages",
        "Callers": [
          {
            "Hash": "B303C90BABB4841D",
            "Name": "LogMiscActivityAsync",
            "Namespace": "Appulate.ActivityLog",
            "Assembly": "Appulate.Business",
            "ContainingType": "ActivityLogService",
            "CallerMethodName": "LogMiscActivityAsync_B303C90BABB4841D"
          }
        ]
      }
    ]
  },
  {
    "Hash": "284AFB211D0BF253",
    "Name": "ResetInsuranceLinesCacheRequestConsumer",
    "Namespace": "Appulate.WebUI.Admin.Application.Caching",
    "Assembly": "Appulate.WebUI.Admin.Application",
    "Events": [
      {
        "Hash": "208C5BB64A094FCF",
        "Name": "ResetInsuranceLinesCacheRequest",
        "Namespace": "Appulate.BusinessServices.InsuranceLines",
        "Assembly": "Appulate.Business",
        "Callers": [
          {
            "Hash": "3F9C2D9F36F7EF29",
            "Name": "ResetInsuranceTypes",
            "Namespace": "Appulate.WebUI.Admin.ApiControllers.SiteSystem",
            "Assembly": "Appulate.WebUI.Admin",
            "ContainingType": "SystemStatusController",
            "CallerMethodName": "ResetInsuranceTypes_3F9C2D9F36F7EF29"
          }
        ]
      }
    ]
  },
  {
    "Hash": "1BF4ED3C106544CC",
    "Name": "ClearUserCacheRequestIntegrationEventConsumer",
    "Namespace": "Appulate.WebUI.Admin.Application.Caching",
    "Assembly": "Appulate.WebUI.Admin.Application",
    "Events": [
      {
        "Hash": "ABCC530D5CAE4614",
        "Name": "UserUpdated",
        "Namespace": "Appulate.IntegrationEvents.User",
        "Assembly": "Appulate.IntegrationEvents",
        "Callers": [
          {
            "Hash": "B9E789A4EF818C2A",
            "Name": "Handle",
            "Namespace": "Appulate.Infrastructure.Persistence.EF.DbIntegrationEventHandlers",
            "Assembly": "Appulate.Infrastructure.Persistence.EF",
            "ContainingType": "UserUpdateHandler",
            "CallerMethodName": "Handle_B9E789A4EF818C2A"
          }
        ]
      },
      {
        "Hash": "3F681176AC04C5C7",
        "Name": "LocationUpdated",
        "Namespace": "Appulate.IntegrationEvents.Company",
        "Assembly": "Appulate.IntegrationEvents",
        "Callers": [
          {
            "Hash": "C53BF292FABD8762",
            "Name": "Handle",
            "Namespace": "Appulate.Infrastructure.Persistence.EF.DbIntegrationEventHandlers",
            "Assembly": "Appulate.Infrastructure.Persistence.EF",
            "ContainingType": "LocationUpdateHandler",
            "CallerMethodName": "Handle_C53BF292FABD8762"
          }
        ]
      },
      {
        "Hash": "AA85BE7C8E3A2782",
        "Name": "AgencyUpdated",
        "Namespace": "Appulate.IntegrationEvents.Company",
        "Assembly": "Appulate.IntegrationEvents",
        "Callers": [
          {
            "Hash": "60F32B64A8311C09",
            "Name": "Handle",
            "Namespace": "Appulate.Infrastructure.Persistence.EF.DbIntegrationEventHandlers",
            "Assembly": "Appulate.Infrastructure.Persistence.EF",
            "ContainingType": "CompanyUpdateHandler",
            "CallerMethodName": "Handle_60F32B64A8311C09"
          }
        ]
      },
      {
        "Hash": "174F6CE82A1058D7",
        "Name": "AgenciesMerged",
        "Namespace": "Appulate.IntegrationEvents.Company",
        "Assembly": "Appulate.IntegrationEvents",
        "Callers": [
          {
            "Hash": "F34FDBE69AE42BC6",
            "Name": "MergeAsync",
            "Namespace": "Appulate.WebUI.Admin",
            "Assembly": "Appulate.WebUI.Admin",
            "ContainingType": "CompaniesGridService",
            "CallerMethodName": "MergeAsync_F34FDBE69AE42BC6"
          }
        ]
      },
      {
        "Hash": "3B0FB648EDBCE6D9",
        "Name": "MarketUpdated",
        "Namespace": "Appulate.IntegrationEvents.Company",
        "Assembly": "Appulate.IntegrationEvents",
        "Callers": [
          {
            "Hash": "60F32B64A8311C09",
            "Name": "Handle",
            "Namespace": "Appulate.Infrastructure.Persistence.EF.DbIntegrationEventHandlers",
            "Assembly": "Appulate.Infrastructure.Persistence.EF",
            "ContainingType": "CompanyUpdateHandler",
            "CallerMethodName": "Handle_60F32B64A8311C09"
          }
        ]
      },
      {
        "Hash": "C886F995D4B0E6D7",
        "Name": "MarketsMerged",
        "Namespace": "Appulate.IntegrationEvents.Company",
        "Assembly": "Appulate.IntegrationEvents",
        "Callers": [
          {
            "Hash": "F34FDBE69AE42BC6",
            "Name": "MergeAsync",
            "Namespace": "Appulate.WebUI.Admin",
            "Assembly": "Appulate.WebUI.Admin",
            "ContainingType": "CompaniesGridService",
            "CallerMethodName": "MergeAsync_F34FDBE69AE42BC6"
          }
        ]
      }
    ]
  },
  {
    "Hash": "04414E630B67D4B4",
    "Name": "ProgramsCacheInvalidationConsumer",
    "Namespace": "Appulate.WebUI.Admin.Application.Caching",
    "Assembly": "Appulate.WebUI.Admin.Application",
    "Events": [
      {
        "Hash": "E959A36A1403F3C8",
        "Name": "ProgramDeletedIntegrationEvent",
        "Namespace": "Appulate.Program.Settings.Events",
        "Assembly": "Appulate.Program.Settings",
        "Callers": [
          {
            "Hash": "8F7A8D956BC1D58E",
            "Name": "DeleteProgramsAsync",
            "Namespace": "Appulate.Program.Settings.Programs.Implementation",
            "Assembly": "Appulate.Program.Settings",
            "ContainingType": "ProgramsService",
            "CallerMethodName": "DeleteProgramsAsync_8F7A8D956BC1D58E"
          },
          {
            "Hash": "1E4FDEA4E87C8D88",
            "Name": "ProcessUnselectedInsuranceLinesAsync",
            "Namespace": "Appulate.Program.Settings.Programs.Implementation",
            "Assembly": "Appulate.Program.Settings",
            "ContainingType": "ProgramsService",
            "CallerMethodName": "ProcessUnselectedInsuranceLinesAsync_1E4FDEA4E87C8D88"
          }
        ]
      },
      {
        "Hash": "EA39381AFDBE40D3",
        "Name": "ProgramCreatedIntegrationEvent",
        "Namespace": "Appulate.Program.Settings.Events",
        "Assembly": "Appulate.Program.Settings",
        "Callers": [
          {
            "Hash": "97CE6D466B048950",
            "Name": "CreateProgramAsync",
            "Namespace": "Appulate.Program.Settings.Programs.Implementation",
            "Assembly": "Appulate.Program.Settings",
            "ContainingType": "ProgramsService",
            "CallerMethodName": "CreateProgramAsync_97CE6D466B048950"
          },
          {
            "Hash": "F088E0B20A67016E",
            "Name": "CreateDefaultPackagePrograms",
            "Namespace": "Appulate.Program.Settings.Programs.Implementation",
            "Assembly": "Appulate.Program.Settings",
            "ContainingType": "ProgramsService",
            "CallerMethodName": "CreateDefaultPackagePrograms_F088E0B20A67016E"
          },
          {
            "Hash": "1E4FDEA4E87C8D88",
            "Name": "ProcessUnselectedInsuranceLinesAsync",
            "Namespace": "Appulate.Program.Settings.Programs.Implementation",
            "Assembly": "Appulate.Program.Settings",
            "ContainingType": "ProgramsService",
            "CallerMethodName": "ProcessUnselectedInsuranceLinesAsync_1E4FDEA4E87C8D88"
          },
          {
            "Hash": "5888E8E60A10C899",
            "Name": "ProcessSelectedInsuranceLines",
            "Namespace": "Appulate.Program.Settings.Programs.Implementation",
            "Assembly": "Appulate.Program.Settings",
            "ContainingType": "ProgramsService",
            "CallerMethodName": "ProcessSelectedInsuranceLines_5888E8E60A10C899"
          }
        ]
      },
      {
        "Hash": "128B5EFC97957FDD",
        "Name": "ProgramUpdatedIntegrationEvent",
        "Namespace": "Appulate.Program.Settings.Events",
        "Assembly": "Appulate.Program.Settings",
        "Callers": [
          {
            "Hash": "B12C7B56AC2D77E1",
            "Name": "Handle",
            "Namespace": "Appulate.Program.Settings.Events",
            "Assembly": "Appulate.Program.Settings",
            "ContainingType": "DbUpdatingDomainEventHandler",
            "CallerMethodName": "Handle_B12C7B56AC2D77E1"
          }
        ]
      },
      {
        "Hash": "C886F995D4B0E6D7",
        "Name": "MarketsMerged",
        "Namespace": "Appulate.IntegrationEvents.Company",
        "Assembly": "Appulate.IntegrationEvents",
        "Callers": [
          {
            "Hash": "F34FDBE69AE42BC6",
            "Name": "MergeAsync",
            "Namespace": "Appulate.WebUI.Admin",
            "Assembly": "Appulate.WebUI.Admin",
            "ContainingType": "CompaniesGridService",
            "CallerMethodName": "MergeAsync_F34FDBE69AE42BC6"
          }
        ]
      }
    ]
  },
  {
    "Hash": "75D22D3AFA261909",
    "Name": "ClearCompanyCacheRequestIntegrationEventConsumer",
    "Namespace": "Appulate.WebUI.Admin.Application.Caching",
    "Assembly": "Appulate.WebUI.Admin.Application",
    "Events": [
      {
        "Hash": "AA85BE7C8E3A2782",
        "Name": "AgencyUpdated",
        "Namespace": "Appulate.IntegrationEvents.Company",
        "Assembly": "Appulate.IntegrationEvents",
        "Callers": [
          {
            "Hash": "60F32B64A8311C09",
            "Name": "Handle",
            "Namespace": "Appulate.Infrastructure.Persistence.EF.DbIntegrationEventHandlers",
            "Assembly": "Appulate.Infrastructure.Persistence.EF",
            "ContainingType": "CompanyUpdateHandler",
            "CallerMethodName": "Handle_60F32B64A8311C09"
          }
        ]
      },
      {
        "Hash": "174F6CE82A1058D7",
        "Name": "AgenciesMerged",
        "Namespace": "Appulate.IntegrationEvents.Company",
        "Assembly": "Appulate.IntegrationEvents",
        "Callers": [
          {
            "Hash": "F34FDBE69AE42BC6",
            "Name": "MergeAsync",
            "Namespace": "Appulate.WebUI.Admin",
            "Assembly": "Appulate.WebUI.Admin",
            "ContainingType": "CompaniesGridService",
            "CallerMethodName": "MergeAsync_F34FDBE69AE42BC6"
          }
        ]
      },
      {
        "Hash": "3B0FB648EDBCE6D9",
        "Name": "MarketUpdated",
        "Namespace": "Appulate.IntegrationEvents.Company",
        "Assembly": "Appulate.IntegrationEvents",
        "Callers": [
          {
            "Hash": "60F32B64A8311C09",
            "Name": "Handle",
            "Namespace": "Appulate.Infrastructure.Persistence.EF.DbIntegrationEventHandlers",
            "Assembly": "Appulate.Infrastructure.Persistence.EF",
            "ContainingType": "CompanyUpdateHandler",
            "CallerMethodName": "Handle_60F32B64A8311C09"
          }
        ]
      },
      {
        "Hash": "C886F995D4B0E6D7",
        "Name": "MarketsMerged",
        "Namespace": "Appulate.IntegrationEvents.Company",
        "Assembly": "Appulate.IntegrationEvents",
        "Callers": [
          {
            "Hash": "F34FDBE69AE42BC6",
            "Name": "MergeAsync",
            "Namespace": "Appulate.WebUI.Admin",
            "Assembly": "Appulate.WebUI.Admin",
            "ContainingType": "CompaniesGridService",
            "CallerMethodName": "MergeAsync_F34FDBE69AE42BC6"
          }
        ]
      },
      {
        "Hash": "3F681176AC04C5C7",
        "Name": "LocationUpdated",
        "Namespace": "Appulate.IntegrationEvents.Company",
        "Assembly": "Appulate.IntegrationEvents",
        "Callers": [
          {
            "Hash": "C53BF292FABD8762",
            "Name": "Handle",
            "Namespace": "Appulate.Infrastructure.Persistence.EF.DbIntegrationEventHandlers",
            "Assembly": "Appulate.Infrastructure.Persistence.EF",
            "ContainingType": "LocationUpdateHandler",
            "CallerMethodName": "Handle_C53BF292FABD8762"
          }
        ]
      }
    ]
  },
  {
    "Hash": "148C32CF31AED693",
    "Name": "CacheResetRequiredIntegrationEventConsumer",
    "Namespace": "Appulate.WebUI.Admin.Application.Caching",
    "Assembly": "Appulate.WebUI.Admin.Application",
    "Events": [
      {
        "Hash": "87472F54894C474B",
        "Name": "CacheResetRequiredIntegrationEvent",
        "Namespace": "Appulate.Common.IntegrationEvents.Cache",
        "Assembly": "Appulate.Common",
        "Callers": [
          {
            "Hash": "FDB40B10A2FE5367",
            "Name": "Handle",
            "Namespace": "Appulate.Forms.Application.Commands",
            "Assembly": "Appulate.Forms",
            "ContainingType": "CreateFormBindingCommandHandler",
            "CallerMethodName": "Handle_FDB40B10A2FE5367"
          },
          {
            "Hash": "7C0D3787E02E484E",
            "Name": "Handle",
            "Namespace": "Appulate.Forms.Application.Commands",
            "Assembly": "Appulate.Forms",
            "ContainingType": "UpdateFormBindingsCommandHandler",
            "CallerMethodName": "Handle_7C0D3787E02E484E"
          },
          {
            "Hash": "7BAD3ED52B1F173E",
            "Name": "Handle",
            "Namespace": "Appulate.Forms.Application.Commands",
            "Assembly": "Appulate.Forms",
            "ContainingType": "UpdateFormBindingCommandHandler",
            "CallerMethodName": "Handle_7BAD3ED52B1F173E"
          },
          {
            "Hash": "B23DA532FF99C712",
            "Name": "Handle",
            "Namespace": "Appulate.Forms.Application.Commands",
            "Assembly": "Appulate.Forms",
            "ContainingType": "DeleteFormBindingsCommandHandler",
            "CallerMethodName": "Handle_B23DA532FF99C712"
          },
          {
            "Hash": "3537BDF1E788EA1C",
            "Name": "Handle",
            "Namespace": "Appulate.Forms.Application.Commands",
            "Assembly": "Appulate.Forms",
            "ContainingType": "DeleteFormBindingCommandHandler",
            "CallerMethodName": "Handle_3537BDF1E788EA1C"
          },
          {
            "Hash": "F81753FA0BBAB294",
            "Name": "SendCacheResetMessage",
            "Namespace": "Appulate.WebUI.Admin.ApiControllers.SiteSystem",
            "Assembly": "Appulate.WebUI.Admin",
            "ContainingType": "SystemStatusController",
            "CallerMethodName": "SendCacheResetMessage_F81753FA0BBAB294"
          },
          {
            "Hash": "FE82203BB122156B",
            "Name": "Handle",
            "Namespace": "Appulate.WebUI.Admin.DomainEventHandlers.Forms",
            "Assembly": "Appulate.WebUI.Admin",
            "ContainingType": "CreateFormsCacheInvalidationEventOnFormCreationHandler",
            "CallerMethodName": "Handle_FE82203BB122156B"
          },
          {
            "Hash": "030C07EDC9AB097F",
            "Name": "Handle",
            "Namespace": "Appulate.WebUI.Admin.DomainEventHandlers.Forms",
            "Assembly": "Appulate.WebUI.Admin",
            "ContainingType": "CreateFormsCacheInvalidationEventOnFormRemovalHandler",
            "CallerMethodName": "Handle_030C07EDC9AB097F"
          },
          {
            "Hash": "164080DEE401BFB5",
            "Name": "Handle",
            "Namespace": "Appulate.WebUI.Admin.DomainEventHandlers.Forms",
            "Assembly": "Appulate.WebUI.Admin",
            "ContainingType": "CreateFormsCacheInvalidationEventOnFormUpdateHandler",
            "CallerMethodName": "Handle_164080DEE401BFB5"
          }
        ]
      }
    ]
  },
  {
    "Hash": "90434F3963BEABDA",
    "Name": "UserDeletedIntegrationEventConsumer",
    "Namespace": "Appulate.Modules.Chat.Infrastructure.IntegrationEventsConsumers",
    "Assembly": "Appulate.Chat",
    "Events": [
      {
        "Hash": "DF2D04D9F9B84DBC",
        "Name": "UserDeletedIntegrationEvent",
        "Namespace": "Appulate.Common.IntegrationEvents.Chat",
        "Assembly": "Appulate.Common",
        "Callers": []
      }
    ]
  },
  {
    "Hash": "0CE41E1AD94D3E5C",
    "Name": "QuoteRequotedIntegrationEventConsumer",
    "Namespace": "Appulate.MarketsFormEditor.Application.Consumers",
    "Assembly": "Appulate.MarketsFormEditor",
    "Events": [
      {
        "Hash": "C79F897011AFE788",
        "Name": "QuoteRequotedIntegrationEvent",
        "Namespace": "Appulate.Common.IntegrationEvents.WebUI",
        "Assembly": "Appulate.Common",
        "Callers": [
          {
            "Hash": "D4613690C1E8D597",
            "Name": "Handle",
            "Namespace": "Appulate.Quotes",
            "Assembly": "Appulate.Quotes",
            "ContainingType": "QuoteSavedDomainEventHandler",
            "CallerMethodName": "Handle_D4613690C1E8D597"
          }
        ]
      }
    ]
  },
  {
    "Hash": "CC9B05338603A5C6",
    "Name": "PolicyBoundIntegrationEventConsumer",
    "Namespace": "Appulate.MarketsFormEditor.Application.Consumers",
    "Assembly": "Appulate.MarketsFormEditor",
    "Events": [
      {
        "Hash": "B8FED5B9EEC1B27D",
        "Name": "PolicyBoundIntegrationEvent",
        "Namespace": "Appulate.Common.IntegrationEvents.WebUI",
        "Assembly": "Appulate.Common",
        "Callers": [
          {
            "Hash": "24CE83AB01BFFBD0",
            "Name": "Handle",
            "Namespace": "Appulate.SubmissionTracker.DomainEvents",
            "Assembly": "Appulate.Business",
            "ContainingType": "PolicyBindingDomainEventHandler",
            "CallerMethodName": "Handle_24CE83AB01BFFBD0"
          }
        ]
      }
    ]
  },
  {
    "Hash": "69B2B8A8EC08CBAD",
    "Name": "QuoteDeletedIntegrationEventConsumer",
    "Namespace": "Appulate.MarketsFormEditor.Application.Consumers",
    "Assembly": "Appulate.MarketsFormEditor",
    "Events": [
      {
        "Hash": "31755B0BF1CEFD88",
        "Name": "QuoteDeletedIntegrationEvent",
        "Namespace": "Appulate.Common.IntegrationEvents.WebUI",
        "Assembly": "Appulate.Common",
        "Callers": [
          {
            "Hash": "23320110A5155DA7",
            "Name": "Handle",
            "Namespace": "Appulate.Quotes",
            "Assembly": "Appulate.Quotes",
            "ContainingType": "QuoteDeletingDomainEventHandler",
            "CallerMethodName": "Handle_23320110A5155DA7"
          }
        ]
      }
    ]
  },
  {
    "Hash": "E3BDB929415C96D8",
    "Name": "PostscriptConvertConsumer",
    "Namespace": "Appulate.UplinkService.Consumers",
    "Assembly": "Appulate.UplinkService",
    "Events": [
      {
        "Hash": "4C91163D29730396",
        "Name": "PostscriptConvertRequest",
        "Namespace": "Appulate.PostscriptToPdf.Client",
        "Assembly": "Appulate.PostscriptToPdf.Client",
        "Callers": [
          {
            "Hash": "EBECB897D147C72C",
            "Name": "RequestAsync",
            "Namespace": "Appulate.PostscriptToPdf.Client",
            "Assembly": "Appulate.PostscriptToPdf.Client",
            "ContainingType": "PostscriptConvertClient",
            "CallerMethodName": "RequestAsync_EBECB897D147C72C"
          }
        ]
      }
    ]
  },
  {
    "Hash": "AD77B353D9E92C0D",
    "Name": "OcrConsumer",
    "Namespace": "Appulate.UplinkService.Consumers",
    "Assembly": "Appulate.UplinkService",
    "Events": [
      {
        "Hash": "0F654A17C842CDB1",
        "Name": "OcrRequest",
        "Namespace": "Appulate.Ocr.Client",
        "Assembly": "Appulate.Ocr.Client",
        "Callers": [
          {
            "Hash": "83540FA7F0C2966D",
            "Name": "RequestAsync",
            "Namespace": "Appulate.Ocr.Client",
            "Assembly": "Appulate.Ocr.Client",
            "ContainingType": "OcrClient",
            "CallerMethodName": "RequestAsync_83540FA7F0C2966D"
          }
        ]
      }
    ]
  },
  {
    "Hash": "71CF1952565ABA85",
    "Name": "InsuredUpdatedConsumer",
    "Namespace": "Appulate.Questionnaire.DataSource.Synchronization",
    "Assembly": "Appulate.Questionnaire.DataSource.Synchronization",
    "Events": [
      {
        "Hash": "39619FA088E5F824",
        "Name": "InsuredUpdatedIntegrationEvent",
        "Namespace": "Appulate.Common.IntegrationEvents.WebUI",
        "Assembly": "Appulate.Common",
        "Callers": [
          {
            "Hash": "04CBA66F69311332",
            "Name": "Handle",
            "Namespace": "Appulate.Insured",
            "Assembly": "Appulate.Business",
            "ContainingType": "InsuredUpdatingDomainEventHandler",
            "CallerMethodName": "Handle_04CBA66F69311332"
          }
        ]
      }
    ]
  },
  {
    "Hash": "72F4518D5F82988C",
    "Name": "PolicyUpdatedConsumer",
    "Namespace": "Appulate.Questionnaire.DataSource.Synchronization",
    "Assembly": "Appulate.Questionnaire.DataSource.Synchronization",
    "Events": [
      {
        "Hash": "CB713534ABB02B60",
        "Name": "PolicyUpdated",
        "Namespace": "Appulate.IntegrationEvents.Policy",
        "Assembly": "Appulate.IntegrationEvents",
        "Callers": [
          {
            "Hash": "28D8171507E8732E",
            "Name": "Handle",
            "Namespace": "Appulate.Rfq",
            "Assembly": "Appulate.Business",
            "ContainingType": "PolicyUpdatingDomainEventHandler",
            "CallerMethodName": "Handle_28D8171507E8732E"
          }
        ]
      }
    ]
  },
  {
    "Hash": "95C94CB6B1C715A1",
    "Name": "ImsPolicyRemovedConsumer",
    "Namespace": "Appulate.ExternalAms.Integrations.Ims.Consumers",
    "Assembly": "Appulate.ExternalAms.Integrations.Ims",
    "Events": [
      {
        "Hash": "BF3B5EF759C779C6",
        "Name": "ImsPolicyRemovedIntegrationEvent",
        "Namespace": "Appulate.ExternalAms.Integrations.Ims.IntegrationEvents",
        "Assembly": "Appulate.ExternalAms.Integrations.Ims",
        "Callers": [
          {
            "Hash": "2400FC98F0A191C4",
            "Name": "Handle",
            "Namespace": "Appulate.ExternalAms.Integrations.Ims.Domain.EventHandler",
            "Assembly": "Appulate.ExternalAms.Integrations.Ims",
            "ContainingType": "ImsPolicyRemovingEventHandler",
            "CallerMethodName": "Handle_2400FC98F0A191C4"
          }
        ]
      }
    ]
  },
  {
    "Hash": "6BCC2BD246497DC5",
    "Name": "ImsInsuredRemovedConsumer",
    "Namespace": "Appulate.ExternalAms.Integrations.Ims.Consumers",
    "Assembly": "Appulate.ExternalAms.Integrations.Ims",
    "Events": [
      {
        "Hash": "3803D78AC178E246",
        "Name": "ImsInsuredRemovedIntegrationEvent",
        "Namespace": "Appulate.ExternalAms.Integrations.Ims.IntegrationEvents",
        "Assembly": "Appulate.ExternalAms.Integrations.Ims",
        "Callers": [
          {
            "Hash": "71CEC0C333FB6659",
            "Name": "Handle",
            "Namespace": "Appulate.ExternalAms.Integrations.Ims.Domain.EventHandler",
            "Assembly": "Appulate.ExternalAms.Integrations.Ims",
            "ContainingType": "ImsInsuredRemovingEventHandler",
            "CallerMethodName": "Handle_71CEC0C333FB6659"
          }
        ]
      }
    ]
  },
  {
    "Hash": "D89CF9C355D3B703",
    "Name": "AimPolicyRemovedConsumer",
    "Namespace": "Appulate.ExternalAms.Integrations.Aim.Consumers",
    "Assembly": "Appulate.ExternalAms.Integrations.Aim",
    "Events": [
      {
        "Hash": "419E67234AF08DD8",
        "Name": "AimPolicyRemovedIntegrationEvent",
        "Namespace": "Appulate.ExternalAms.Integrations.Aim.IntegrationEvents",
        "Assembly": "Appulate.ExternalAms.Integrations.Aim",
        "Callers": [
          {
            "Hash": "AEBFE20EDA7B7007",
            "Name": "Handle",
            "Namespace": "Appulate.ExternalAms.Integrations.Aim.Domain.EventHandler",
            "Assembly": "Appulate.ExternalAms.Integrations.Aim",
            "ContainingType": "AimPolicyRemovingEventHandler",
            "CallerMethodName": "Handle_AEBFE20EDA7B7007"
          }
        ]
      }
    ]
  },
  {
    "Hash": "7DD9170703AAFD18",
    "Name": "AimInsuredRemovedConsumer",
    "Namespace": "Appulate.ExternalAms.Integrations.Aim.Consumers",
    "Assembly": "Appulate.ExternalAms.Integrations.Aim",
    "Events": [
      {
        "Hash": "4536045491E37FD2",
        "Name": "AimInsuredRemovedIntegrationEvent",
        "Namespace": "Appulate.ExternalAms.Integrations.Aim.IntegrationEvents",
        "Assembly": "Appulate.ExternalAms.Integrations.Aim",
        "Callers": [
          {
            "Hash": "295EB4F3586FE1D3",
            "Name": "Handle",
            "Namespace": "Appulate.ExternalAms.Integrations.Aim.Domain.EventHandler",
            "Assembly": "Appulate.ExternalAms.Integrations.Aim",
            "ContainingType": "AimInsuredRemovingEventHandler",
            "CallerMethodName": "Handle_295EB4F3586FE1D3"
          }
        ]
      }
    ]
  },
  {
    "Hash": "3FD9CAED766FC83E",
    "Name": "CacheResetRequiredIntegrationEventConsumer",
    "Namespace": "Appulate.WebUI.Application.Caching",
    "Assembly": "Appulate.WebUI.Application",
    "Events": [
      {
        "Hash": "87472F54894C474B",
        "Name": "CacheResetRequiredIntegrationEvent",
        "Namespace": "Appulate.Common.IntegrationEvents.Cache",
        "Assembly": "Appulate.Common",
        "Callers": [
          {
            "Hash": "FDB40B10A2FE5367",
            "Name": "Handle",
            "Namespace": "Appulate.Forms.Application.Commands",
            "Assembly": "Appulate.Forms",
            "ContainingType": "CreateFormBindingCommandHandler",
            "CallerMethodName": "Handle_FDB40B10A2FE5367"
          },
          {
            "Hash": "3537BDF1E788EA1C",
            "Name": "Handle",
            "Namespace": "Appulate.Forms.Application.Commands",
            "Assembly": "Appulate.Forms",
            "ContainingType": "DeleteFormBindingCommandHandler",
            "CallerMethodName": "Handle_3537BDF1E788EA1C"
          },
          {
            "Hash": "B23DA532FF99C712",
            "Name": "Handle",
            "Namespace": "Appulate.Forms.Application.Commands",
            "Assembly": "Appulate.Forms",
            "ContainingType": "DeleteFormBindingsCommandHandler",
            "CallerMethodName": "Handle_B23DA532FF99C712"
          },
          {
            "Hash": "7BAD3ED52B1F173E",
            "Name": "Handle",
            "Namespace": "Appulate.Forms.Application.Commands",
            "Assembly": "Appulate.Forms",
            "ContainingType": "UpdateFormBindingCommandHandler",
            "CallerMethodName": "Handle_7BAD3ED52B1F173E"
          },
          {
            "Hash": "7C0D3787E02E484E",
            "Name": "Handle",
            "Namespace": "Appulate.Forms.Application.Commands",
            "Assembly": "Appulate.Forms",
            "ContainingType": "UpdateFormBindingsCommandHandler",
            "CallerMethodName": "Handle_7C0D3787E02E484E"
          },
          {
            "Hash": "F81753FA0BBAB294",
            "Name": "SendCacheResetMessage",
            "Namespace": "Appulate.WebUI.Admin.ApiControllers.SiteSystem",
            "Assembly": "Appulate.WebUI.Admin",
            "ContainingType": "SystemStatusController",
            "CallerMethodName": "SendCacheResetMessage_F81753FA0BBAB294"
          },
          {
            "Hash": "164080DEE401BFB5",
            "Name": "Handle",
            "Namespace": "Appulate.WebUI.Admin.DomainEventHandlers.Forms",
            "Assembly": "Appulate.WebUI.Admin",
            "ContainingType": "CreateFormsCacheInvalidationEventOnFormUpdateHandler",
            "CallerMethodName": "Handle_164080DEE401BFB5"
          },
          {
            "Hash": "030C07EDC9AB097F",
            "Name": "Handle",
            "Namespace": "Appulate.WebUI.Admin.DomainEventHandlers.Forms",
            "Assembly": "Appulate.WebUI.Admin",
            "ContainingType": "CreateFormsCacheInvalidationEventOnFormRemovalHandler",
            "CallerMethodName": "Handle_030C07EDC9AB097F"
          },
          {
            "Hash": "FE82203BB122156B",
            "Name": "Handle",
            "Namespace": "Appulate.WebUI.Admin.DomainEventHandlers.Forms",
            "Assembly": "Appulate.WebUI.Admin",
            "ContainingType": "CreateFormsCacheInvalidationEventOnFormCreationHandler",
            "CallerMethodName": "Handle_FE82203BB122156B"
          }
        ]
      }
    ]
  },
  {
    "Hash": "354E15B333CDB595",
    "Name": "ProgramsActivityLogConsumer",
    "Namespace": "Appulate.WebUI.Application.ActivityLog",
    "Assembly": "Appulate.WebUI.Application",
    "Events": [
      {
        "Hash": "EA39381AFDBE40D3",
        "Name": "ProgramCreatedIntegrationEvent",
        "Namespace": "Appulate.Program.Settings.Events",
        "Assembly": "Appulate.Program.Settings",
        "Callers": [
          {
            "Hash": "97CE6D466B048950",
            "Name": "CreateProgramAsync",
            "Namespace": "Appulate.Program.Settings.Programs.Implementation",
            "Assembly": "Appulate.Program.Settings",
            "ContainingType": "ProgramsService",
            "CallerMethodName": "CreateProgramAsync_97CE6D466B048950"
          },
          {
            "Hash": "F088E0B20A67016E",
            "Name": "CreateDefaultPackagePrograms",
            "Namespace": "Appulate.Program.Settings.Programs.Implementation",
            "Assembly": "Appulate.Program.Settings",
            "ContainingType": "ProgramsService",
            "CallerMethodName": "CreateDefaultPackagePrograms_F088E0B20A67016E"
          },
          {
            "Hash": "1E4FDEA4E87C8D88",
            "Name": "ProcessUnselectedInsuranceLinesAsync",
            "Namespace": "Appulate.Program.Settings.Programs.Implementation",
            "Assembly": "Appulate.Program.Settings",
            "ContainingType": "ProgramsService",
            "CallerMethodName": "ProcessUnselectedInsuranceLinesAsync_1E4FDEA4E87C8D88"
          },
          {
            "Hash": "5888E8E60A10C899",
            "Name": "ProcessSelectedInsuranceLines",
            "Namespace": "Appulate.Program.Settings.Programs.Implementation",
            "Assembly": "Appulate.Program.Settings",
            "ContainingType": "ProgramsService",
            "CallerMethodName": "ProcessSelectedInsuranceLines_5888E8E60A10C899"
          }
        ]
      },
      {
        "Hash": "E959A36A1403F3C8",
        "Name": "ProgramDeletedIntegrationEvent",
        "Namespace": "Appulate.Program.Settings.Events",
        "Assembly": "Appulate.Program.Settings",
        "Callers": [
          {
            "Hash": "8F7A8D956BC1D58E",
            "Name": "DeleteProgramsAsync",
            "Namespace": "Appulate.Program.Settings.Programs.Implementation",
            "Assembly": "Appulate.Program.Settings",
            "ContainingType": "ProgramsService",
            "CallerMethodName": "DeleteProgramsAsync_8F7A8D956BC1D58E"
          },
          {
            "Hash": "1E4FDEA4E87C8D88",
            "Name": "ProcessUnselectedInsuranceLinesAsync",
            "Namespace": "Appulate.Program.Settings.Programs.Implementation",
            "Assembly": "Appulate.Program.Settings",
            "ContainingType": "ProgramsService",
            "CallerMethodName": "ProcessUnselectedInsuranceLinesAsync_1E4FDEA4E87C8D88"
          }
        ]
      }
    ]
  },
  {
    "Hash": "4F6EE4F452776396",
    "Name": "ProgramsCacheInvalidationConsumer",
    "Namespace": "Appulate.WebUI.Application.Caching",
    "Assembly": "Appulate.WebUI.Application",
    "Events": [
      {
        "Hash": "E959A36A1403F3C8",
        "Name": "ProgramDeletedIntegrationEvent",
        "Namespace": "Appulate.Program.Settings.Events",
        "Assembly": "Appulate.Program.Settings",
        "Callers": [
          {
            "Hash": "8F7A8D956BC1D58E",
            "Name": "DeleteProgramsAsync",
            "Namespace": "Appulate.Program.Settings.Programs.Implementation",
            "Assembly": "Appulate.Program.Settings",
            "ContainingType": "ProgramsService",
            "CallerMethodName": "DeleteProgramsAsync_8F7A8D956BC1D58E"
          },
          {
            "Hash": "1E4FDEA4E87C8D88",
            "Name": "ProcessUnselectedInsuranceLinesAsync",
            "Namespace": "Appulate.Program.Settings.Programs.Implementation",
            "Assembly": "Appulate.Program.Settings",
            "ContainingType": "ProgramsService",
            "CallerMethodName": "ProcessUnselectedInsuranceLinesAsync_1E4FDEA4E87C8D88"
          }
        ]
      },
      {
        "Hash": "EA39381AFDBE40D3",
        "Name": "ProgramCreatedIntegrationEvent",
        "Namespace": "Appulate.Program.Settings.Events",
        "Assembly": "Appulate.Program.Settings",
        "Callers": [
          {
            "Hash": "97CE6D466B048950",
            "Name": "CreateProgramAsync",
            "Namespace": "Appulate.Program.Settings.Programs.Implementation",
            "Assembly": "Appulate.Program.Settings",
            "ContainingType": "ProgramsService",
            "CallerMethodName": "CreateProgramAsync_97CE6D466B048950"
          },
          {
            "Hash": "F088E0B20A67016E",
            "Name": "CreateDefaultPackagePrograms",
            "Namespace": "Appulate.Program.Settings.Programs.Implementation",
            "Assembly": "Appulate.Program.Settings",
            "ContainingType": "ProgramsService",
            "CallerMethodName": "CreateDefaultPackagePrograms_F088E0B20A67016E"
          },
          {
            "Hash": "1E4FDEA4E87C8D88",
            "Name": "ProcessUnselectedInsuranceLinesAsync",
            "Namespace": "Appulate.Program.Settings.Programs.Implementation",
            "Assembly": "Appulate.Program.Settings",
            "ContainingType": "ProgramsService",
            "CallerMethodName": "ProcessUnselectedInsuranceLinesAsync_1E4FDEA4E87C8D88"
          },
          {
            "Hash": "5888E8E60A10C899",
            "Name": "ProcessSelectedInsuranceLines",
            "Namespace": "Appulate.Program.Settings.Programs.Implementation",
            "Assembly": "Appulate.Program.Settings",
            "ContainingType": "ProgramsService",
            "CallerMethodName": "ProcessSelectedInsuranceLines_5888E8E60A10C899"
          }
        ]
      },
      {
        "Hash": "128B5EFC97957FDD",
        "Name": "ProgramUpdatedIntegrationEvent",
        "Namespace": "Appulate.Program.Settings.Events",
        "Assembly": "Appulate.Program.Settings",
        "Callers": [
          {
            "Hash": "B12C7B56AC2D77E1",
            "Name": "Handle",
            "Namespace": "Appulate.Program.Settings.Events",
            "Assembly": "Appulate.Program.Settings",
            "ContainingType": "DbUpdatingDomainEventHandler",
            "CallerMethodName": "Handle_B12C7B56AC2D77E1"
          }
        ]
      },
      {
        "Hash": "C886F995D4B0E6D7",
        "Name": "MarketsMerged",
        "Namespace": "Appulate.IntegrationEvents.Company",
        "Assembly": "Appulate.IntegrationEvents",
        "Callers": [
          {
            "Hash": "F34FDBE69AE42BC6",
            "Name": "MergeAsync",
            "Namespace": "Appulate.WebUI.Admin",
            "Assembly": "Appulate.WebUI.Admin",
            "ContainingType": "CompaniesGridService",
            "CallerMethodName": "MergeAsync_F34FDBE69AE42BC6"
          }
        ]
      }
    ]
  },
  {
    "Hash": "CA47022BB990D620",
    "Name": "ClearCompanyCacheRequestIntegrationEventConsumer",
    "Namespace": "Appulate.WebUI.Application.Caching",
    "Assembly": "Appulate.WebUI.Application",
    "Events": [
      {
        "Hash": "AA85BE7C8E3A2782",
        "Name": "AgencyUpdated",
        "Namespace": "Appulate.IntegrationEvents.Company",
        "Assembly": "Appulate.IntegrationEvents",
        "Callers": [
          {
            "Hash": "60F32B64A8311C09",
            "Name": "Handle",
            "Namespace": "Appulate.Infrastructure.Persistence.EF.DbIntegrationEventHandlers",
            "Assembly": "Appulate.Infrastructure.Persistence.EF",
            "ContainingType": "CompanyUpdateHandler",
            "CallerMethodName": "Handle_60F32B64A8311C09"
          }
        ]
      },
      {
        "Hash": "174F6CE82A1058D7",
        "Name": "AgenciesMerged",
        "Namespace": "Appulate.IntegrationEvents.Company",
        "Assembly": "Appulate.IntegrationEvents",
        "Callers": [
          {
            "Hash": "F34FDBE69AE42BC6",
            "Name": "MergeAsync",
            "Namespace": "Appulate.WebUI.Admin",
            "Assembly": "Appulate.WebUI.Admin",
            "ContainingType": "CompaniesGridService",
            "CallerMethodName": "MergeAsync_F34FDBE69AE42BC6"
          }
        ]
      },
      {
        "Hash": "3B0FB648EDBCE6D9",
        "Name": "MarketUpdated",
        "Namespace": "Appulate.IntegrationEvents.Company",
        "Assembly": "Appulate.IntegrationEvents",
        "Callers": [
          {
            "Hash": "60F32B64A8311C09",
            "Name": "Handle",
            "Namespace": "Appulate.Infrastructure.Persistence.EF.DbIntegrationEventHandlers",
            "Assembly": "Appulate.Infrastructure.Persistence.EF",
            "ContainingType": "CompanyUpdateHandler",
            "CallerMethodName": "Handle_60F32B64A8311C09"
          }
        ]
      },
      {
        "Hash": "C886F995D4B0E6D7",
        "Name": "MarketsMerged",
        "Namespace": "Appulate.IntegrationEvents.Company",
        "Assembly": "Appulate.IntegrationEvents",
        "Callers": [
          {
            "Hash": "F34FDBE69AE42BC6",
            "Name": "MergeAsync",
            "Namespace": "Appulate.WebUI.Admin",
            "Assembly": "Appulate.WebUI.Admin",
            "ContainingType": "CompaniesGridService",
            "CallerMethodName": "MergeAsync_F34FDBE69AE42BC6"
          }
        ]
      },
      {
        "Hash": "3F681176AC04C5C7",
        "Name": "LocationUpdated",
        "Namespace": "Appulate.IntegrationEvents.Company",
        "Assembly": "Appulate.IntegrationEvents",
        "Callers": [
          {
            "Hash": "C53BF292FABD8762",
            "Name": "Handle",
            "Namespace": "Appulate.Infrastructure.Persistence.EF.DbIntegrationEventHandlers",
            "Assembly": "Appulate.Infrastructure.Persistence.EF",
            "ContainingType": "LocationUpdateHandler",
            "CallerMethodName": "Handle_C53BF292FABD8762"
          }
        ]
      }
    ]
  },
  {
    "Hash": "09563208FE04AAEA",
    "Name": "ClearUserCacheRequestIntegrationEventConsumer",
    "Namespace": "Appulate.WebUI.Application.Caching",
    "Assembly": "Appulate.WebUI.Application",
    "Events": [
      {
        "Hash": "ABCC530D5CAE4614",
        "Name": "UserUpdated",
        "Namespace": "Appulate.IntegrationEvents.User",
        "Assembly": "Appulate.IntegrationEvents",
        "Callers": [
          {
            "Hash": "B9E789A4EF818C2A",
            "Name": "Handle",
            "Namespace": "Appulate.Infrastructure.Persistence.EF.DbIntegrationEventHandlers",
            "Assembly": "Appulate.Infrastructure.Persistence.EF",
            "ContainingType": "UserUpdateHandler",
            "CallerMethodName": "Handle_B9E789A4EF818C2A"
          }
        ]
      },
      {
        "Hash": "3F681176AC04C5C7",
        "Name": "LocationUpdated",
        "Namespace": "Appulate.IntegrationEvents.Company",
        "Assembly": "Appulate.IntegrationEvents",
        "Callers": [
          {
            "Hash": "C53BF292FABD8762",
            "Name": "Handle",
            "Namespace": "Appulate.Infrastructure.Persistence.EF.DbIntegrationEventHandlers",
            "Assembly": "Appulate.Infrastructure.Persistence.EF",
            "ContainingType": "LocationUpdateHandler",
            "CallerMethodName": "Handle_C53BF292FABD8762"
          }
        ]
      },
      {
        "Hash": "AA85BE7C8E3A2782",
        "Name": "AgencyUpdated",
        "Namespace": "Appulate.IntegrationEvents.Company",
        "Assembly": "Appulate.IntegrationEvents",
        "Callers": [
          {
            "Hash": "60F32B64A8311C09",
            "Name": "Handle",
            "Namespace": "Appulate.Infrastructure.Persistence.EF.DbIntegrationEventHandlers",
            "Assembly": "Appulate.Infrastructure.Persistence.EF",
            "ContainingType": "CompanyUpdateHandler",
            "CallerMethodName": "Handle_60F32B64A8311C09"
          }
        ]
      },
      {
        "Hash": "174F6CE82A1058D7",
        "Name": "AgenciesMerged",
        "Namespace": "Appulate.IntegrationEvents.Company",
        "Assembly": "Appulate.IntegrationEvents",
        "Callers": [
          {
            "Hash": "F34FDBE69AE42BC6",
            "Name": "MergeAsync",
            "Namespace": "Appulate.WebUI.Admin",
            "Assembly": "Appulate.WebUI.Admin",
            "ContainingType": "CompaniesGridService",
            "CallerMethodName": "MergeAsync_F34FDBE69AE42BC6"
          }
        ]
      },
      {
        "Hash": "3B0FB648EDBCE6D9",
        "Name": "MarketUpdated",
        "Namespace": "Appulate.IntegrationEvents.Company",
        "Assembly": "Appulate.IntegrationEvents",
        "Callers": [
          {
            "Hash": "60F32B64A8311C09",
            "Name": "Handle",
            "Namespace": "Appulate.Infrastructure.Persistence.EF.DbIntegrationEventHandlers",
            "Assembly": "Appulate.Infrastructure.Persistence.EF",
            "ContainingType": "CompanyUpdateHandler",
            "CallerMethodName": "Handle_60F32B64A8311C09"
          }
        ]
      },
      {
        "Hash": "C886F995D4B0E6D7",
        "Name": "MarketsMerged",
        "Namespace": "Appulate.IntegrationEvents.Company",
        "Assembly": "Appulate.IntegrationEvents",
        "Callers": [
          {
            "Hash": "F34FDBE69AE42BC6",
            "Name": "MergeAsync",
            "Namespace": "Appulate.WebUI.Admin",
            "Assembly": "Appulate.WebUI.Admin",
            "ContainingType": "CompaniesGridService",
            "CallerMethodName": "MergeAsync_F34FDBE69AE42BC6"
          }
        ]
      }
    ]
  },
  {
    "Hash": "506F29776581F9F3",
    "Name": "ResetPrequalificationInsuredCacheRequestConsumer",
    "Namespace": "Appulate.WebUI.Application.Caching",
    "Assembly": "Appulate.WebUI.Application",
    "Events": [
      {
        "Hash": "07CC2DC74142D4BD",
        "Name": "ResetPrequalificationInsuredCacheRequest",
        "Namespace": "Appulate.DataProcessing.Policy.Forms.Application.Cache",
        "Assembly": "Appulate.DataProcessing.Policy",
        "Callers": [
          {
            "Hash": "BF4D42E5CB4C89AE",
            "Name": "ResetInsuredReservationCache",
            "Namespace": "Appulate.WebUI.Admin.ApiControllers.SiteSystem",
            "Assembly": "Appulate.WebUI.Admin",
            "ContainingType": "SystemStatusController",
            "CallerMethodName": "ResetInsuredReservationCache_BF4D42E5CB4C89AE"
          }
        ]
      }
    ]
  },
  {
    "Hash": "8173C8484DD40645",
    "Name": "ResetInsuranceLinesCacheRequestConsumer",
    "Namespace": "Appulate.WebUI.Application.Caching",
    "Assembly": "Appulate.WebUI.Application",
    "Events": [
      {
        "Hash": "208C5BB64A094FCF",
        "Name": "ResetInsuranceLinesCacheRequest",
        "Namespace": "Appulate.BusinessServices.InsuranceLines",
        "Assembly": "Appulate.Business",
        "Callers": [
          {
            "Hash": "3F9C2D9F36F7EF29",
            "Name": "ResetInsuranceTypes",
            "Namespace": "Appulate.WebUI.Admin.ApiControllers.SiteSystem",
            "Assembly": "Appulate.WebUI.Admin",
            "ContainingType": "SystemStatusController",
            "CallerMethodName": "ResetInsuranceTypes_3F9C2D9F36F7EF29"
          }
        ]
      }
    ]
  },
  {
    "Hash": "F5B98E2C41419864",
    "Name": "PolicyCreatedConsumer",
    "Namespace": "Appulate.WebUI.ActivityLog.Consumers",
    "Assembly": "Appulate.WebUI",
    "Events": [
      {
        "Hash": "A44D30ECC6C0C0C4",
        "Name": "PolicyCreated",
        "Namespace": "Appulate.IntegrationEvents.Policy",
        "Assembly": "Appulate.IntegrationEvents",
        "Callers": [
          {
            "Hash": "E1C175301B1D8698",
            "Name": "LogActivityEventIfNeeded",
            "Namespace": "Appulate.BusinessEventLog.EventLoggers",
            "Assembly": "Appulate.BusinessEventLog",
            "ContainingType": "ActivityLoggingEventLogger",
            "CallerMethodName": "LogActivityEventIfNeeded_E1C175301B1D8698"
          }
        ]
      }
    ]
  },
  {
    "Hash": "CCE0A95C226DF811",
    "Name": "InvalidateApplicationCacheOnPolicyUnboundConsumer",
    "Namespace": "Appulate.WebUI.Consumers",
    "Assembly": "Appulate.WebUI",
    "Events": [
      {
        "Hash": "9601EE78F990B17A",
        "Name": "PolicyUnboundIntegrationEvent",
        "Namespace": "Appulate.Common.IntegrationEvents.WebUI",
        "Assembly": "Appulate.Common",
        "Callers": [
          {
            "Hash": "B5384773C756E3A0",
            "Name": "Handle",
            "Namespace": "Appulate.SubmissionTracker.DomainEvents",
            "Assembly": "Appulate.Business",
            "ContainingType": "PolicyUnbindingDomainEventHandler",
            "CallerMethodName": "Handle_B5384773C756E3A0"
          }
        ]
      }
    ]
  },
  {
    "Hash": "C66866ABDAC2DF68",
    "Name": "QuoteSubmittedConsumer",
    "Namespace": "Appulate.WebUI.ActivityLog.Consumers",
    "Assembly": "Appulate.WebUI",
    "Events": [
      {
        "Hash": "C6F93A03C15A6AC3",
        "Name": "QuoteSubmitted",
        "Namespace": "Appulate.IntegrationEvents.PolicySubmissions",
        "Assembly": "Appulate.IntegrationEvents",
        "Callers": [
          {
            "Hash": "E1C175301B1D8698",
            "Name": "LogActivityEventIfNeeded",
            "Namespace": "Appulate.BusinessEventLog.EventLoggers",
            "Assembly": "Appulate.BusinessEventLog",
            "ContainingType": "ActivityLoggingEventLogger",
            "CallerMethodName": "LogActivityEventIfNeeded_E1C175301B1D8698"
          }
        ]
      }
    ]
  },
  {
    "Hash": "9EEBB13FF5A4A65B",
    "Name": "InsuredContactAddedConsumer",
    "Namespace": "Appulate.WebUI.ActivityLog.Consumers",
    "Assembly": "Appulate.WebUI",
    "Events": [
      {
        "Hash": "A1710D87B5097A28",
        "Name": "InsuredContactAdded",
        "Namespace": "Appulate.IntegrationEvents.InsuredContacts",
        "Assembly": "Appulate.IntegrationEvents",
        "Callers": [
          {
            "Hash": "E1C175301B1D8698",
            "Name": "LogActivityEventIfNeeded",
            "Namespace": "Appulate.BusinessEventLog.EventLoggers",
            "Assembly": "Appulate.BusinessEventLog",
            "ContainingType": "ActivityLoggingEventLogger",
            "CallerMethodName": "LogActivityEventIfNeeded_E1C175301B1D8698"
          }
        ]
      }
    ]
  },
  {
    "Hash": "6E901FB942C44093",
    "Name": "InvalidateApplicationCacheOnPolicyBoundConsumer",
    "Namespace": "Appulate.WebUI.Consumers",
    "Assembly": "Appulate.WebUI",
    "Events": [
      {
        "Hash": "B8FED5B9EEC1B27D",
        "Name": "PolicyBoundIntegrationEvent",
        "Namespace": "Appulate.Common.IntegrationEvents.WebUI",
        "Assembly": "Appulate.Common",
        "Callers": [
          {
            "Hash": "24CE83AB01BFFBD0",
            "Name": "Handle",
            "Namespace": "Appulate.SubmissionTracker.DomainEvents",
            "Assembly": "Appulate.Business",
            "ContainingType": "PolicyBindingDomainEventHandler",
            "CallerMethodName": "Handle_24CE83AB01BFFBD0"
          }
        ]
      }
    ]
  },
  {
    "Hash": "E2578273FA7FD424",
    "Name": "DocumentUploadedConsumer",
    "Namespace": "Appulate.WebUI.ActivityLog.Consumers",
    "Assembly": "Appulate.WebUI",
    "Events": [
      {
        "Hash": "5B4B85F5F41E644B",
        "Name": "DocumentUploaded",
        "Namespace": "Appulate.IntegrationEvents.Documents",
        "Assembly": "Appulate.IntegrationEvents",
        "Callers": [
          {
            "Hash": "E1C175301B1D8698",
            "Name": "LogActivityEventIfNeeded",
            "Namespace": "Appulate.BusinessEventLog.EventLoggers",
            "Assembly": "Appulate.BusinessEventLog",
            "ContainingType": "ActivityLoggingEventLogger",
            "CallerMethodName": "LogActivityEventIfNeeded_E1C175301B1D8698"
          }
        ]
      }
    ]
  },
  {
    "Hash": "6EE6A84F9CD2C523",
    "Name": "QuestionnairesForRfqUpdatedConsumer",
    "Namespace": "Appulate.WebUI.Consumers",
    "Assembly": "Appulate.WebUI",
    "Events": [
      {
        "Hash": "5522535A45084C6D",
        "Name": "QuestionnairesForRfqUpdated",
        "Namespace": "Appulate.IntegrationEvents.DataSource",
        "Assembly": "Appulate.IntegrationEvents",
        "Callers": [
          {
            "Hash": "CD160B39AE605DF1",
            "Name": "NotifyModified",
            "Namespace": "Appulate.Questionnaire.DataSource.Synchronization",
            "Assembly": "Appulate.Questionnaire.DataSource.Synchronization",
            "ContainingType": "InsuredUpdatedConsumer",
            "CallerMethodName": "NotifyModified_CD160B39AE605DF1"
          }
        ]
      }
    ]
  },
  {
    "Hash": "4C2CD1A2A7D2D69F",
    "Name": "UserLoggedInConsumer",
    "Namespace": "Appulate.WebUI.ActivityLog.Consumers",
    "Assembly": "Appulate.WebUI",
    "Events": [
      {
        "Hash": "061DD747B263778D",
        "Name": "UserLoggedIn",
        "Namespace": "Appulate.IntegrationEvents.Accounting",
        "Assembly": "Appulate.IntegrationEvents",
        "Callers": [
          {
            "Hash": "E1C175301B1D8698",
            "Name": "LogActivityEventIfNeeded",
            "Namespace": "Appulate.BusinessEventLog.EventLoggers",
            "Assembly": "Appulate.BusinessEventLog",
            "ContainingType": "ActivityLoggingEventLogger",
            "CallerMethodName": "LogActivityEventIfNeeded_E1C175301B1D8698"
          }
        ]
      }
    ]
  },
  {
    "Hash": "DEA6073F8D5CD9F1",
    "Name": "InsuredContactWasAskedToFillQuestionnaireEventConsumer",
    "Namespace": "Appulate.WebUI.Consumers",
    "Assembly": "Appulate.WebUI",
    "Events": [
      {
        "Hash": "E95F59A3DF7476B4",
        "Name": "InsuredContactWasAskedToFillQuestionnaireEvent",
        "Namespace": "Appulate.Common.IntegrationEvents.WebUI",
        "Assembly": "Appulate.Common",
        "Callers": [
          {
            "Hash": "D9619D808B37A03C",
            "Name": "SendByAgencyAsync",
            "Namespace": "Appulate.WebUI.SharedModels.FillingRequests",
            "Assembly": "Appulate.WebUI.SharedModels",
            "ContainingType": "FillingRequestSender",
            "CallerMethodName": "SendByAgencyAsync_D9619D808B37A03C"
          }
        ]
      }
    ]
  },
  {
    "Hash": "A5F84FCA10C1993E",
    "Name": "CoverallSubmissionConsumer",
    "Namespace": "Appulate.WebUI.Consumers",
    "Assembly": "Appulate.WebUI",
    "Events": [
      {
        "Hash": "E4B805F1069CA8A0",
        "Name": "CoverallSubmissionRequest",
        "Namespace": "Appulate.ExternalAms.Integrations.Coverall.SubmissionClient",
        "Assembly": "Appulate.ExternalAms.Integrations.Coverall.SubmissionClient",
        "Callers": [
          {
            "Hash": "70EE8F1075050E2E",
            "Name": "SendInternalAsync",
            "Namespace": "Appulate.ExternalAms.Integrations.Common.SubmissionTracker.SubmissionPackageSender.SenderWrappers",
            "Assembly": "Appulate.ExternalAms.Integrations.Common",
            "ContainingType": "CoverallPackageSenderWrapper",
            "CallerMethodName": "SendInternalAsync_70EE8F1075050E2E"
          }
        ]
      }
    ]
  },
  {
    "Hash": "B8F940B2025BC567",
    "Name": "PdfDocumentPreviewConsumer",
    "Namespace": "Appulate.PdfService.Consumers",
    "Assembly": "Appulate.PdfService",
    "Events": [
      {
        "Hash": "4503E7F38D401501",
        "Name": "PdfDocumentPreviewRequest",
        "Namespace": "Appulate.DocumentPreview",
        "Assembly": "Appulate.DocumentPreview",
        "Callers": [
          {
            "Hash": "A304FFE308E45452",
            "Name": "RenderAsync",
            "Namespace": "Appulate.DocumentPreview",
            "Assembly": "Appulate.DocumentPreview",
            "ContainingType": "DocumentPreviewClient",
            "CallerMethodName": "RenderAsync_A304FFE308E45452"
          }
        ]
      }
    ]
  },
  {
    "Hash": "FD9FF8B94F0098F0",
    "Name": "HtmlConvertConsumer",
    "Namespace": "Appulate.PdfService.Consumers.HtmlToPdf",
    "Assembly": "Appulate.PdfService",
    "Events": [
      {
        "Hash": "72B5A9EAAA27A57E",
        "Name": "HtmlConvertRequest",
        "Namespace": "Appulate.HtmlToPdf.Client",
        "Assembly": "Appulate.HtmlToPdf.Client",
        "Callers": [
          {
            "Hash": "65DB04AB61374AA6",
            "Name": "PrepareRequestAsync",
            "Namespace": "Appulate.HtmlToPdf.Client",
            "Assembly": "Appulate.HtmlToPdf.Client",
            "ContainingType": "HtmlConvertClient",
            "CallerMethodName": "PrepareRequestAsync_65DB04AB61374AA6"
          }
        ]
      }
    ]
  },
  {
    "Hash": "057A7E7D41D919D7",
    "Name": "PdfRenderConsumer",
    "Namespace": "Appulate.PdfService.Consumers",
    "Assembly": "Appulate.PdfService",
    "Events": [
      {
        "Hash": "4BEBC4AD06976B8F",
        "Name": "PdfRenderRequest",
        "Namespace": "Appulate.DocumentPreview.ImageProviders",
        "Assembly": "Appulate.DocumentPreview",
        "Callers": [
          {
            "Hash": "09F16D06EBF45E4C",
            "Name": "GetImagesAsync",
            "Namespace": "Appulate.DocumentPreview.ImageProviders",
            "Assembly": "Appulate.DocumentPreview",
            "ContainingType": "PdfImageProvider",
            "CallerMethodName": "GetImagesAsync_09F16D06EBF45E4C"
          }
        ]
      }
    ]
  },
  {
    "Hash": "B5B9BFB65889A565",
    "Name": "VisiblePolicyByCompanyInsuredInsuranceTypeConsumer",
    "Namespace": "Appulate.Service.Consumers",
    "Assembly": "Appulate.Service",
    "Events": [
      {
        "Hash": "417C307485CA89DB",
        "Name": "Batch",
        "Namespace": "MassTransit",
        "Assembly": "MassTransit.Abstractions",
        "Callers": []
      },
      {
        "Hash": "27C8982FEDF24286",
        "Name": "MessageBatch",
        "Namespace": "MassTransit.Batching",
        "Assembly": "MassTransit",
        "Callers": []
      },
      {
        "Hash": "CA143D01BBBE6623",
        "Name": "VisiblePolicyByCompanyInsuredInsuranceTypeEvent",
        "Namespace": "Appulate.Common.IntegrationEvents",
        "Assembly": "Appulate.Common",
        "Callers": [
          {
            "Hash": "5737D25B164114B1",
            "Name": "Handle",
            "Namespace": "Appulate.Infrastructure.Persistence.EF.DbIntegrationEventHandlers",
            "Assembly": "Appulate.Infrastructure.Persistence.EF",
            "ContainingType": "VisiblePolicyByCompanyIdsUpdateRequestHandler",
            "CallerMethodName": "Handle_5737D25B164114B1"
          }
        ]
      }
    ]
  },
  {
    "Hash": "5E3164559B267C12",
    "Name": "ServiceStatusConsumer",
    "Namespace": "Appulate.Service.Monitoring",
    "Assembly": "Appulate.Service",
    "Events": [
      {
        "Hash": "25EBCE0524E2BBAF",
        "Name": "ServiceNotificationRequest",
        "Namespace": "Appulate.ServiceMonitoring",
        "Assembly": "Appulate.ServiceMonitoring",
        "Callers": [
          {
            "Hash": "70A7F2BAB947479E",
            "Name": "PingAsync",
            "Namespace": "Appulate.WebUI.Admin.ServiceMonitoring",
            "Assembly": "Appulate.WebUI.Admin",
            "ContainingType": "AppulateServiceMonitoringClient",
            "CallerMethodName": "PingAsync_70A7F2BAB947479E"
          }
        ]
      }
    ]
  },
  {
    "Hash": "7602E15F5626BD9F",
    "Name": "ClearUserCacheRequestIntegrationEventConsumer",
    "Namespace": "Appulate.Service.Consumers.Caching",
    "Assembly": "Appulate.Service",
    "Events": [
      {
        "Hash": "ABCC530D5CAE4614",
        "Name": "UserUpdated",
        "Namespace": "Appulate.IntegrationEvents.User",
        "Assembly": "Appulate.IntegrationEvents",
        "Callers": [
          {
            "Hash": "B9E789A4EF818C2A",
            "Name": "Handle",
            "Namespace": "Appulate.Infrastructure.Persistence.EF.DbIntegrationEventHandlers",
            "Assembly": "Appulate.Infrastructure.Persistence.EF",
            "ContainingType": "UserUpdateHandler",
            "CallerMethodName": "Handle_B9E789A4EF818C2A"
          }
        ]
      },
      {
        "Hash": "3F681176AC04C5C7",
        "Name": "LocationUpdated",
        "Namespace": "Appulate.IntegrationEvents.Company",
        "Assembly": "Appulate.IntegrationEvents",
        "Callers": [
          {
            "Hash": "C53BF292FABD8762",
            "Name": "Handle",
            "Namespace": "Appulate.Infrastructure.Persistence.EF.DbIntegrationEventHandlers",
            "Assembly": "Appulate.Infrastructure.Persistence.EF",
            "ContainingType": "LocationUpdateHandler",
            "CallerMethodName": "Handle_C53BF292FABD8762"
          }
        ]
      },
      {
        "Hash": "AA85BE7C8E3A2782",
        "Name": "AgencyUpdated",
        "Namespace": "Appulate.IntegrationEvents.Company",
        "Assembly": "Appulate.IntegrationEvents",
        "Callers": [
          {
            "Hash": "60F32B64A8311C09",
            "Name": "Handle",
            "Namespace": "Appulate.Infrastructure.Persistence.EF.DbIntegrationEventHandlers",
            "Assembly": "Appulate.Infrastructure.Persistence.EF",
            "ContainingType": "CompanyUpdateHandler",
            "CallerMethodName": "Handle_60F32B64A8311C09"
          }
        ]
      },
      {
        "Hash": "174F6CE82A1058D7",
        "Name": "AgenciesMerged",
        "Namespace": "Appulate.IntegrationEvents.Company",
        "Assembly": "Appulate.IntegrationEvents",
        "Callers": [
          {
            "Hash": "F34FDBE69AE42BC6",
            "Name": "MergeAsync",
            "Namespace": "Appulate.WebUI.Admin",
            "Assembly": "Appulate.WebUI.Admin",
            "ContainingType": "CompaniesGridService",
            "CallerMethodName": "MergeAsync_F34FDBE69AE42BC6"
          }
        ]
      },
      {
        "Hash": "3B0FB648EDBCE6D9",
        "Name": "MarketUpdated",
        "Namespace": "Appulate.IntegrationEvents.Company",
        "Assembly": "Appulate.IntegrationEvents",
        "Callers": [
          {
            "Hash": "60F32B64A8311C09",
            "Name": "Handle",
            "Namespace": "Appulate.Infrastructure.Persistence.EF.DbIntegrationEventHandlers",
            "Assembly": "Appulate.Infrastructure.Persistence.EF",
            "ContainingType": "CompanyUpdateHandler",
            "CallerMethodName": "Handle_60F32B64A8311C09"
          }
        ]
      },
      {
        "Hash": "C886F995D4B0E6D7",
        "Name": "MarketsMerged",
        "Namespace": "Appulate.IntegrationEvents.Company",
        "Assembly": "Appulate.IntegrationEvents",
        "Callers": [
          {
            "Hash": "F34FDBE69AE42BC6",
            "Name": "MergeAsync",
            "Namespace": "Appulate.WebUI.Admin",
            "Assembly": "Appulate.WebUI.Admin",
            "ContainingType": "CompaniesGridService",
            "CallerMethodName": "MergeAsync_F34FDBE69AE42BC6"
          }
        ]
      }
    ]
  },
  {
    "Hash": "B5DA3C3A2DA8E78D",
    "Name": "ResetInsuranceLinesCacheRequestConsumer",
    "Namespace": "Appulate.Service.Consumers.Caching",
    "Assembly": "Appulate.Service",
    "Events": [
      {
        "Hash": "208C5BB64A094FCF",
        "Name": "ResetInsuranceLinesCacheRequest",
        "Namespace": "Appulate.BusinessServices.InsuranceLines",
        "Assembly": "Appulate.Business",
        "Callers": [
          {
            "Hash": "3F9C2D9F36F7EF29",
            "Name": "ResetInsuranceTypes",
            "Namespace": "Appulate.WebUI.Admin.ApiControllers.SiteSystem",
            "Assembly": "Appulate.WebUI.Admin",
            "ContainingType": "SystemStatusController",
            "CallerMethodName": "ResetInsuranceTypes_3F9C2D9F36F7EF29"
          }
        ]
      }
    ]
  },
  {
    "Hash": "5EFEA30494A796BF",
    "Name": "NewAgentViewerNotificationConsumer",
    "Namespace": "Appulate.Service.Consumers.Notifications",
    "Assembly": "Appulate.Service",
    "Events": [
      {
        "Hash": "C4F056D531DEADB0",
        "Name": "UserCreated",
        "Namespace": "Appulate.IntegrationEvents.User",
        "Assembly": "Appulate.IntegrationEvents",
        "Callers": [
          {
            "Hash": "9F1D774143EB90C9",
            "Name": "CreateViewerInternalAsync",
            "Namespace": "Appulate.BusinessServices.Users",
            "Assembly": "Appulate.Business",
            "ContainingType": "UsersService",
            "CallerMethodName": "CreateViewerInternalAsync_9F1D774143EB90C9"
          }
        ]
      }
    ]
  },
  {
    "Hash": "45C783E861D99CDE",
    "Name": "DefaultPackageCoverageLinesForNewAgencyConsumer",
    "Namespace": "Appulate.Service.Consumers",
    "Assembly": "Appulate.Service",
    "Events": [
      {
        "Hash": "C5B9BBA4E34ACC26",
        "Name": "AgencyCreated",
        "Namespace": "Appulate.IntegrationEvents.Company",
        "Assembly": "Appulate.IntegrationEvents",
        "Callers": [
          {
            "Hash": "CCAAAC2D40928F1E",
            "Name": "CreateAgency",
            "Namespace": "Appulate.Security",
            "Assembly": "Appulate.Business",
            "ContainingType": "RegistrationManager",
            "CallerMethodName": "CreateAgency_CCAAAC2D40928F1E"
          }
        ]
      }
    ]
  },
  {
    "Hash": "635108F8B0555DE3",
    "Name": "CacheResetRequiredIntegrationEventConsumer",
    "Namespace": "Appulate.Service.Consumers.Caching",
    "Assembly": "Appulate.Service",
    "Events": [
      {
        "Hash": "87472F54894C474B",
        "Name": "CacheResetRequiredIntegrationEvent",
        "Namespace": "Appulate.Common.IntegrationEvents.Cache",
        "Assembly": "Appulate.Common",
        "Callers": [
          {
            "Hash": "FDB40B10A2FE5367",
            "Name": "Handle",
            "Namespace": "Appulate.Forms.Application.Commands",
            "Assembly": "Appulate.Forms",
            "ContainingType": "CreateFormBindingCommandHandler",
            "CallerMethodName": "Handle_FDB40B10A2FE5367"
          },
          {
            "Hash": "3537BDF1E788EA1C",
            "Name": "Handle",
            "Namespace": "Appulate.Forms.Application.Commands",
            "Assembly": "Appulate.Forms",
            "ContainingType": "DeleteFormBindingCommandHandler",
            "CallerMethodName": "Handle_3537BDF1E788EA1C"
          },
          {
            "Hash": "7C0D3787E02E484E",
            "Name": "Handle",
            "Namespace": "Appulate.Forms.Application.Commands",
            "Assembly": "Appulate.Forms",
            "ContainingType": "UpdateFormBindingsCommandHandler",
            "CallerMethodName": "Handle_7C0D3787E02E484E"
          },
          {
            "Hash": "7BAD3ED52B1F173E",
            "Name": "Handle",
            "Namespace": "Appulate.Forms.Application.Commands",
            "Assembly": "Appulate.Forms",
            "ContainingType": "UpdateFormBindingCommandHandler",
            "CallerMethodName": "Handle_7BAD3ED52B1F173E"
          },
          {
            "Hash": "B23DA532FF99C712",
            "Name": "Handle",
            "Namespace": "Appulate.Forms.Application.Commands",
            "Assembly": "Appulate.Forms",
            "ContainingType": "DeleteFormBindingsCommandHandler",
            "CallerMethodName": "Handle_B23DA532FF99C712"
          },
          {
            "Hash": "F81753FA0BBAB294",
            "Name": "SendCacheResetMessage",
            "Namespace": "Appulate.WebUI.Admin.ApiControllers.SiteSystem",
            "Assembly": "Appulate.WebUI.Admin",
            "ContainingType": "SystemStatusController",
            "CallerMethodName": "SendCacheResetMessage_F81753FA0BBAB294"
          },
          {
            "Hash": "FE82203BB122156B",
            "Name": "Handle",
            "Namespace": "Appulate.WebUI.Admin.DomainEventHandlers.Forms",
            "Assembly": "Appulate.WebUI.Admin",
            "ContainingType": "CreateFormsCacheInvalidationEventOnFormCreationHandler",
            "CallerMethodName": "Handle_FE82203BB122156B"
          },
          {
            "Hash": "030C07EDC9AB097F",
            "Name": "Handle",
            "Namespace": "Appulate.WebUI.Admin.DomainEventHandlers.Forms",
            "Assembly": "Appulate.WebUI.Admin",
            "ContainingType": "CreateFormsCacheInvalidationEventOnFormRemovalHandler",
            "CallerMethodName": "Handle_030C07EDC9AB097F"
          },
          {
            "Hash": "164080DEE401BFB5",
            "Name": "Handle",
            "Namespace": "Appulate.WebUI.Admin.DomainEventHandlers.Forms",
            "Assembly": "Appulate.WebUI.Admin",
            "ContainingType": "CreateFormsCacheInvalidationEventOnFormUpdateHandler",
            "CallerMethodName": "Handle_164080DEE401BFB5"
          }
        ]
      }
    ]
  },
  {
    "Hash": "C66C4428A7BD04EE",
    "Name": "ClearCompanyCacheRequestIntegrationEventConsumer",
    "Namespace": "Appulate.Service.Consumers.Caching",
    "Assembly": "Appulate.Service",
    "Events": [
      {
        "Hash": "AA85BE7C8E3A2782",
        "Name": "AgencyUpdated",
        "Namespace": "Appulate.IntegrationEvents.Company",
        "Assembly": "Appulate.IntegrationEvents",
        "Callers": [
          {
            "Hash": "60F32B64A8311C09",
            "Name": "Handle",
            "Namespace": "Appulate.Infrastructure.Persistence.EF.DbIntegrationEventHandlers",
            "Assembly": "Appulate.Infrastructure.Persistence.EF",
            "ContainingType": "CompanyUpdateHandler",
            "CallerMethodName": "Handle_60F32B64A8311C09"
          }
        ]
      },
      {
        "Hash": "174F6CE82A1058D7",
        "Name": "AgenciesMerged",
        "Namespace": "Appulate.IntegrationEvents.Company",
        "Assembly": "Appulate.IntegrationEvents",
        "Callers": [
          {
            "Hash": "F34FDBE69AE42BC6",
            "Name": "MergeAsync",
            "Namespace": "Appulate.WebUI.Admin",
            "Assembly": "Appulate.WebUI.Admin",
            "ContainingType": "CompaniesGridService",
            "CallerMethodName": "MergeAsync_F34FDBE69AE42BC6"
          }
        ]
      },
      {
        "Hash": "3B0FB648EDBCE6D9",
        "Name": "MarketUpdated",
        "Namespace": "Appulate.IntegrationEvents.Company",
        "Assembly": "Appulate.IntegrationEvents",
        "Callers": [
          {
            "Hash": "60F32B64A8311C09",
            "Name": "Handle",
            "Namespace": "Appulate.Infrastructure.Persistence.EF.DbIntegrationEventHandlers",
            "Assembly": "Appulate.Infrastructure.Persistence.EF",
            "ContainingType": "CompanyUpdateHandler",
            "CallerMethodName": "Handle_60F32B64A8311C09"
          }
        ]
      },
      {
        "Hash": "C886F995D4B0E6D7",
        "Name": "MarketsMerged",
        "Namespace": "Appulate.IntegrationEvents.Company",
        "Assembly": "Appulate.IntegrationEvents",
        "Callers": [
          {
            "Hash": "F34FDBE69AE42BC6",
            "Name": "MergeAsync",
            "Namespace": "Appulate.WebUI.Admin",
            "Assembly": "Appulate.WebUI.Admin",
            "ContainingType": "CompaniesGridService",
            "CallerMethodName": "MergeAsync_F34FDBE69AE42BC6"
          }
        ]
      },
      {
        "Hash": "3F681176AC04C5C7",
        "Name": "LocationUpdated",
        "Namespace": "Appulate.IntegrationEvents.Company",
        "Assembly": "Appulate.IntegrationEvents",
        "Callers": [
          {
            "Hash": "C53BF292FABD8762",
            "Name": "Handle",
            "Namespace": "Appulate.Infrastructure.Persistence.EF.DbIntegrationEventHandlers",
            "Assembly": "Appulate.Infrastructure.Persistence.EF",
            "ContainingType": "LocationUpdateHandler",
            "CallerMethodName": "Handle_C53BF292FABD8762"
          }
        ]
      }
    ]
  },
  {
    "Hash": "64C295EB74051B69",
    "Name": "ProgramsCacheInvalidationConsumer",
    "Namespace": "Appulate.Service.Consumers.Caching",
    "Assembly": "Appulate.Service",
    "Events": [
      {
        "Hash": "E959A36A1403F3C8",
        "Name": "ProgramDeletedIntegrationEvent",
        "Namespace": "Appulate.Program.Settings.Events",
        "Assembly": "Appulate.Program.Settings",
        "Callers": [
          {
            "Hash": "8F7A8D956BC1D58E",
            "Name": "DeleteProgramsAsync",
            "Namespace": "Appulate.Program.Settings.Programs.Implementation",
            "Assembly": "Appulate.Program.Settings",
            "ContainingType": "ProgramsService",
            "CallerMethodName": "DeleteProgramsAsync_8F7A8D956BC1D58E"
          },
          {
            "Hash": "1E4FDEA4E87C8D88",
            "Name": "ProcessUnselectedInsuranceLinesAsync",
            "Namespace": "Appulate.Program.Settings.Programs.Implementation",
            "Assembly": "Appulate.Program.Settings",
            "ContainingType": "ProgramsService",
            "CallerMethodName": "ProcessUnselectedInsuranceLinesAsync_1E4FDEA4E87C8D88"
          }
        ]
      },
      {
        "Hash": "EA39381AFDBE40D3",
        "Name": "ProgramCreatedIntegrationEvent",
        "Namespace": "Appulate.Program.Settings.Events",
        "Assembly": "Appulate.Program.Settings",
        "Callers": [
          {
            "Hash": "97CE6D466B048950",
            "Name": "CreateProgramAsync",
            "Namespace": "Appulate.Program.Settings.Programs.Implementation",
            "Assembly": "Appulate.Program.Settings",
            "ContainingType": "ProgramsService",
            "CallerMethodName": "CreateProgramAsync_97CE6D466B048950"
          },
          {
            "Hash": "F088E0B20A67016E",
            "Name": "CreateDefaultPackagePrograms",
            "Namespace": "Appulate.Program.Settings.Programs.Implementation",
            "Assembly": "Appulate.Program.Settings",
            "ContainingType": "ProgramsService",
            "CallerMethodName": "CreateDefaultPackagePrograms_F088E0B20A67016E"
          },
          {
            "Hash": "1E4FDEA4E87C8D88",
            "Name": "ProcessUnselectedInsuranceLinesAsync",
            "Namespace": "Appulate.Program.Settings.Programs.Implementation",
            "Assembly": "Appulate.Program.Settings",
            "ContainingType": "ProgramsService",
            "CallerMethodName": "ProcessUnselectedInsuranceLinesAsync_1E4FDEA4E87C8D88"
          },
          {
            "Hash": "5888E8E60A10C899",
            "Name": "ProcessSelectedInsuranceLines",
            "Namespace": "Appulate.Program.Settings.Programs.Implementation",
            "Assembly": "Appulate.Program.Settings",
            "ContainingType": "ProgramsService",
            "CallerMethodName": "ProcessSelectedInsuranceLines_5888E8E60A10C899"
          }
        ]
      },
      {
        "Hash": "128B5EFC97957FDD",
        "Name": "ProgramUpdatedIntegrationEvent",
        "Namespace": "Appulate.Program.Settings.Events",
        "Assembly": "Appulate.Program.Settings",
        "Callers": [
          {
            "Hash": "B12C7B56AC2D77E1",
            "Name": "Handle",
            "Namespace": "Appulate.Program.Settings.Events",
            "Assembly": "Appulate.Program.Settings",
            "ContainingType": "DbUpdatingDomainEventHandler",
            "CallerMethodName": "Handle_B12C7B56AC2D77E1"
          }
        ]
      },
      {
        "Hash": "C886F995D4B0E6D7",
        "Name": "MarketsMerged",
        "Namespace": "Appulate.IntegrationEvents.Company",
        "Assembly": "Appulate.IntegrationEvents",
        "Callers": [
          {
            "Hash": "F34FDBE69AE42BC6",
            "Name": "MergeAsync",
            "Namespace": "Appulate.WebUI.Admin",
            "Assembly": "Appulate.WebUI.Admin",
            "ContainingType": "CompaniesGridService",
            "CallerMethodName": "MergeAsync_F34FDBE69AE42BC6"
          }
        ]
      }
    ]
  },
  {
    "Hash": "BFE2F4095A656584",
    "Name": "SubmarketsVisibilitySettingsConsumer",
    "Namespace": "Appulate.Service.Consumers",
    "Assembly": "Appulate.Service",
    "Events": [
      {
        "Hash": "EA39381AFDBE40D3",
        "Name": "ProgramCreatedIntegrationEvent",
        "Namespace": "Appulate.Program.Settings.Events",
        "Assembly": "Appulate.Program.Settings",
        "Callers": [
          {
            "Hash": "97CE6D466B048950",
            "Name": "CreateProgramAsync",
            "Namespace": "Appulate.Program.Settings.Programs.Implementation",
            "Assembly": "Appulate.Program.Settings",
            "ContainingType": "ProgramsService",
            "CallerMethodName": "CreateProgramAsync_97CE6D466B048950"
          },
          {
            "Hash": "F088E0B20A67016E",
            "Name": "CreateDefaultPackagePrograms",
            "Namespace": "Appulate.Program.Settings.Programs.Implementation",
            "Assembly": "Appulate.Program.Settings",
            "ContainingType": "ProgramsService",
            "CallerMethodName": "CreateDefaultPackagePrograms_F088E0B20A67016E"
          },
          {
            "Hash": "1E4FDEA4E87C8D88",
            "Name": "ProcessUnselectedInsuranceLinesAsync",
            "Namespace": "Appulate.Program.Settings.Programs.Implementation",
            "Assembly": "Appulate.Program.Settings",
            "ContainingType": "ProgramsService",
            "CallerMethodName": "ProcessUnselectedInsuranceLinesAsync_1E4FDEA4E87C8D88"
          },
          {
            "Hash": "5888E8E60A10C899",
            "Name": "ProcessSelectedInsuranceLines",
            "Namespace": "Appulate.Program.Settings.Programs.Implementation",
            "Assembly": "Appulate.Program.Settings",
            "ContainingType": "ProgramsService",
            "CallerMethodName": "ProcessSelectedInsuranceLines_5888E8E60A10C899"
          }
        ]
      },
      {
        "Hash": "128B5EFC97957FDD",
        "Name": "ProgramUpdatedIntegrationEvent",
        "Namespace": "Appulate.Program.Settings.Events",
        "Assembly": "Appulate.Program.Settings",
        "Callers": [
          {
            "Hash": "B12C7B56AC2D77E1",
            "Name": "Handle",
            "Namespace": "Appulate.Program.Settings.Events",
            "Assembly": "Appulate.Program.Settings",
            "ContainingType": "DbUpdatingDomainEventHandler",
            "CallerMethodName": "Handle_B12C7B56AC2D77E1"
          }
        ]
      }
    ]
  },
  {
    "Hash": "0A930E91D80234D7",
    "Name": "DriverLogAnalysisConsumer",
    "Namespace": "Appulate.Service.Consumers",
    "Assembly": "Appulate.Service",
    "Events": [
      {
        "Hash": "6239AD0CC9F85906",
        "Name": "DriverLogAnalysisCommand",
        "Namespace": "Appulate.Uplink.Supplemental.UplinkIssues",
        "Assembly": "Appulate.Uplink",
        "Callers": [
          {
            "Hash": "400FDE1CA5AC5C8C",
            "Name": "ExecuteImpl",
            "Namespace": "Appulate.Service.Jobs",
            "Assembly": "Appulate.Service",
            "ContainingType": "DriverLogAnalysisJob",
            "CallerMethodName": "ExecuteImpl_400FDE1CA5AC5C8C"
          }
        ]
      }
    ]
  },
  {
    "Hash": "7EA68247BEF5BC0C",
    "Name": "ServiceJobControlConsumer",
    "Namespace": "Appulate.Service.Monitoring",
    "Assembly": "Appulate.Service",
    "Events": [
      {
        "Hash": "30B232CC7EE1F875",
        "Name": "JobControlRequest",
        "Namespace": "Appulate.ServiceMonitoring",
        "Assembly": "Appulate.ServiceMonitoring",
        "Callers": [
          {
            "Hash": "E8C4B27DA0C26AB0",
            "Name": "UpdateJobStatusAsync",
            "Namespace": "Appulate.WebUI.Admin.ServiceMonitoring",
            "Assembly": "Appulate.WebUI.Admin",
            "ContainingType": "AppulateServiceMonitoringClient",
            "CallerMethodName": "UpdateJobStatusAsync_E8C4B27DA0C26AB0"
          }
        ]
      }
    ]
  },
  {
    "Hash": "52C1006B77FCEB9D",
    "Name": "ServiceNotificationConsumer",
    "Namespace": "Appulate.WebUI.Admin.ServiceMonitoring",
    "Assembly": "Appulate.WebUI.Admin",
    "Events": [
      {
        "Hash": "992622FB06DF34AC",
        "Name": "ServiceNotificationResponse",
        "Namespace": "Appulate.ServiceMonitoring",
        "Assembly": "Appulate.ServiceMonitoring",
        "Callers": [
          {
            "Hash": "53AB642273FDAE89",
            "Name": "Create",
            "Namespace": "Appulate.Service.Monitoring",
            "Assembly": "Appulate.Service",
            "ContainingType": "ServiceNotificationResponseCreator",
            "CallerMethodName": "Create_53AB642273FDAE89"
          },
          {
            "Hash": "7A363819A0D25F0E",
            "Name": "OnStopImplAsync",
            "Namespace": "Appulate.Service",
            "Assembly": "Appulate.Service",
            "ContainingType": "AppulateService",
            "CallerMethodName": "OnStopImplAsync_7A363819A0D25F0E"
          }
        ]
      }
    ]
  }
]